est_e,est_s,log_likelihood,log_likelihood_null,mmpp
5.8072560478331e-05,1.0,-94.56182952827193,-94.56182954653691,0.9999999999999859
2.5886505182767864e-05,1.0,-69.48016338840873,-69.48016339699588,0.9999999999997741
4.295826058634744e-05,0.9999493347329083,-103.39228328207686,-114.35138865396095,0.8984176908868837
2.3723234294899243e-05,1.0,-49.25245959717463,-49.25245959887717,0.9999995479544136
3.41218150969125e-05,1.0,-101.26551736268257,-101.26551736441722,1.0
4.544895137293441e-05,1.0,-86.65425121734546,-86.654251241099,0.9999999999999684
1.2242779222025201e-05,1.0,-63.06767803130569,-63.06767795355428,0.9999999999999999
7.016984653859127e-05,1.0,-89.09078722744957,-89.09078722773867,0.9999895882311215
2.2803137322828806e-05,1.0,-71.07291686555183,-71.07291685818737,1.0
7.856988697859294e-05,1.0,-80.19491634701927,-80.19491635995561,0.9999999999999881
7.916088568492909e-05,1.0,-133.60540108624184,-133.6054010974562,1.0
7.925939761529518e-05,1.0,-95.42625735588702,-95.42625736664971,0.999999999986301
7.78908002495471e-05,1.0,-110.4569345141975,-110.45693452637767,0.9999999999973845
4.52660361659523e-05,0.9999309078874614,-87.06899994637728,-90.07372827387832,0.9171319654074412
6.564769572290977e-05,1.0,-109.85415819762783,-109.85415819767132,0.9999999992968931
8.029039620676884e-05,1.0,-128.01038067006695,-128.01038067759131,1.0
4.0816186472435864e-05,1.0,-72.32622787483486,-72.32622789309266,0.9999989555160553
4.637169619657837e-05,1.0,-87.07715508653747,-87.07715510674157,1.0
7.000828088197752e-05,1.0,-96.33314895130445,-96.33314895142668,1.0
6.932113676725328e-05,1.0,-98.79692601706444,-98.79692601729533,0.9999999999786251
7.396755083819607e-05,1.0,-113.52361152394411,-113.52361152319642,0.9999996831717454
3.624003651754254e-05,1.0,-55.944325343318,-55.94432534457643,0.9999999999999408
1.1615230779211467e-05,1.0,-34.82803598658939,-34.82803599220565,0.9999998839904705
4.894151803202116e-05,1.0,-84.81885186753199,-84.81885187452386,0.999997918295582
4.683257016538041e-05,1.0,-100.98028589232591,-100.98028591013816,0.9999999999999999
6.787768171857914e-05,1.0,-114.32321044689002,-114.32321044704896,1.0
2.24380033111404e-05,1.0,-34.511566687355085,-34.5115666766836,1.0
5.628279159208707e-05,1.0,-84.71911752719474,-84.71911754558754,1.0
8.535473827891663e-05,1.0,-113.94310804529427,-113.94310804556143,0.999999983778931
6.257675286317751e-05,1.0,-103.17747267741655,-103.17747267804178,0.999999999186752
0.00010411799549963351,1.0,-143.4360031907977,-143.43600319070532,1.0
6.0486760715642486e-05,1.0,-101.44886723284979,-101.44886723526453,0.9999999999999383
5.6759226418296665e-05,1.0,-85.31399257483262,-85.31399259378699,1.0
6.872326854586465e-05,1.0,-105.6375930346615,-105.63759303484997,1.0
1.1536668814371235e-05,1.0,-38.305116023526935,-38.30511602914621,1.0
6.851814862527619e-05,1.0,-79.16340375970266,-79.16340375997427,1.0
1.1285821546095728e-05,1.0,-35.01465375124077,-35.01465384894151,0.9999999999999557
2.2427791155821148e-05,1.0,-28.787441458406338,-28.787441447633437,1.0
8.173496366143276e-05,1.0,-93.10621007540605,-93.10621007902313,0.9999999999999996
6.735461724144012e-05,1.0,-73.3987710381924,-73.39877103841542,1.0
2.3010154270974957e-05,1.0,-70.85466896454592,-70.85466895869304,0.9999999999999996
5.693645563642318e-05,1.0,-84.32325290190269,-84.3232529209607,1.0
7.411842567991258e-05,1.0,-101.20521332896602,-101.20521332833087,0.9999999964528041
7.977179174616945e-05,1.0,-121.23716099284874,-121.23716100185706,1.0
4.6992898641026474e-05,1.0,-115.29623294218972,-115.29623295940928,1.0
3.5996740818436075e-05,1.0,-60.75227486738326,-60.75227486835439,0.9999973737727093
2.248047525993257e-05,1.0,-37.33385486173412,-37.333854851510466,0.9999999999146514
8.27510482319728e-05,1.0,-119.15129474894589,-119.15129475100852,0.9999999997870473
9.170150581796247e-05,1.0,-117.07286882076491,-117.0728688209473,1.0
2.2586837135128663e-05,1.0,-90.61183496207018,-90.61183495279661,0.9999999999999949
6.108696580903593e-05,1.0,-105.60052846048927,-105.60052846249387,1.0
0.00010405723129465956,1.0,-122.94776586022815,-122.94776586008668,0.9999999999999999
9.026223479936863e-05,1.0,-111.56919083928922,-111.56919083957703,0.9999769030281381
2.2500866226335705e-05,1.0,-72.32916693907575,-72.3291669290465,1.0
1.1341502058287944e-05,1.0,-45.64106072529626,-45.64106082201229,1.0
6.94588958821341e-05,1.0,-93.40679996964784,-93.40679996991068,0.9999999980533382
5.964430693015537e-05,1.0,-94.58365362366973,-94.58365362782688,1.0
7.340129810880004e-05,1.0,-89.80571749257776,-89.8057174915758,0.9999832083064518
4.552706785782472e-05,1.0,-73.99886010220368,-73.9988601256422,1.0
3.3735227043279524e-05,1.0,-55.573888596690885,-55.57388859824127,0.9999999999439223
4.6158464325386016e-05,1.0,-68.18891595892815,-68.18891598059416,0.9999999771224012
1e-08,1.0,-43.60730348055045,-43.60730348055045,1.0
3.408043263009566e-05,1.0,-76.51844308597585,-76.51844308762608,0.9999999999998574
1.1305743024878462e-05,1.0,-57.2277066662796,-57.22770676363973,1.0
3.561750959288626e-05,1.0,-51.678276902474046,-51.678276903748305,1.0
6.225975728432194e-05,1.0,-89.32594168178753,-89.3259416825372,0.9999999991340344
5.7867431402248946e-05,1.0,-111.30377905007707,-111.3037790501201,1.0
7.949778010327293e-05,1.0,-109.31122809335024,-109.31122810340744,1.0
3.371925763159122e-05,1.0,-62.6082623327979,-62.60826233436564,1.0
6.0594024780877264e-05,1.0,-112.90397741558307,-112.9039774178731,1.0
3.3761117717304455e-05,1.0,-82.81613747358419,-82.81613747515183,1.0
4.817467437118556e-05,1.0,-81.16960889825914,-81.16960891003413,1.0
9.119926739499055e-05,1.0,-117.5082026022333,-117.50820248417662,1.0
6.699999516237403e-05,0.9999959932249362,-92.4290672923484,-92.43460620435104,0.9991661023884046
3.3857255896779005e-05,1.0,-61.39726924899704,-61.397269250591634,1.0
4.572791970916628e-05,1.0,-81.55538009058355,-81.55538009060196,1.0
8.021271656273925e-05,1.0,-99.24855470902034,-99.24855471654703,1.0
4.981163527849517e-05,1.0,-77.59261261421011,-77.59261261422556,0.9999995894435063
4.523840277970906e-05,1.0,-64.31964685838139,-64.3196468825275,1.0
3.37113394016019e-05,1.0,-55.76622500580184,-55.76622500533726,1.0
6.73833671478295e-05,1.0,-84.72718569615962,-84.7271856962458,1.0
7.391610877148658e-05,1.0,-116.44215204048778,-116.44215203966753,1.0
4.5134716662282285e-05,1.0,-66.20763779784734,-66.20763782197827,0.9999999976057907
3.41004018486883e-05,1.0,-59.900799262992145,-59.90079926456633,1.0
8.14060281900559e-05,1.0,-86.43435912503318,-86.43435912924332,0.9999999999999877
3.477211543776693e-05,1.0,-95.65659971526651,-95.65659971663823,1.0
5.746360344998498e-05,1.0,-82.13373295935304,-82.13373295931238,1.0
4.0846219022151505e-05,1.0,-77.52821365506632,-77.5282136729371,0.9998874807866489
2.302236267777753e-05,1.0,-49.716168655025,-49.71616864928254,1.0
4.9324038992369775e-05,0.9997064258316131,-113.8114044782445,-120.42624993121775,0.59883541469747
0.00010738988380152014,1.0,-114.98196919118767,-114.98196919102645,0.9999415670153975
2.370044080558543e-05,1.0,-69.12855265570643,-69.12855265740684,1.0
5.650159919442957e-05,1.0,-97.82360768324425,-97.82360770225276,1.0
6.842985250771998e-05,1.0,-77.85662157917578,-77.85662157937197,1.0
5.616541503456179e-05,1.0,-65.81250146241096,-65.81250146208889,0.9999427372578289
2.4666207226560934e-05,1.0,-78.15181448483465,-78.15181448322744,1.0
1.1888154779510694e-05,1.0,-35.64930075224896,-35.649300757878095,0.9999999966735124
3.501965372888276e-05,1.0,-64.98297579233392,-64.98297579374974,0.9999999928225712
4.549595153177278e-05,1.0,-60.46648806040684,-60.46648808405015,0.9999999999999925
2.2664252542714773e-05,1.0,-51.993420195106545,-51.993420186613925,0.9999999924167767
6.756029248795525e-05,1.0,-88.15069843010373,-88.15069843014241,1.0
7.881463024492448e-05,1.0,-93.38646077409693,-93.38646078628913,0.999999999999998
4.522846045269333e-05,1.0,-53.82288377872359,-53.82288380289391,1.0
6.76480083207973e-05,1.0,-75.0714340540197,-75.07143405404514,1.0
3.405745606995752e-05,1.0,-56.140794646918394,-56.14079464847683,1.0
3.374005465265093e-05,1.0,-64.80283792201533,-64.80283792357831,1.0
5.7097096467125845e-05,1.0,-66.15247417510656,-66.15247419421287,1.0
6.32851264009648e-05,0.9999247044139385,-102.66059963648382,-104.66657134776983,0.7900837907704297
4.5642417917462864e-05,1.0,-75.42773805037561,-75.42773807351642,1.0
6.91948422939194e-05,1.0,-99.16476214204923,-99.16476214227725,0.9999999999999999
5.905255750062887e-05,1.0,-69.3003321692348,-69.3003321828754,0.9978935422594543
8.283232804013792e-05,0.9999637062428263,-104.2532595305282,-105.05177869072533,0.9190604695905259
3.704103394705153e-05,1.0,-102.19991546650164,-102.19991549553914,1.0
4.732050739456266e-05,1.0,-111.47372796686363,-111.47372798216986,1.0
3.435818612234562e-05,1.0,-57.42623620823818,-57.42623620983396,0.9999994417329581
2.2401563673281656e-05,1.0,-34.481499812016644,-34.481499800940725,1.0
7.22860123629628e-05,1.0,-92.80078460436735,-92.80078460435563,0.9997640715530892
5.8140215111570364e-05,1.0,-109.37877212428816,-109.37877214252698,1.0
3.462506341950953e-05,1.0,-65.7756493659889,-65.77564936745118,1.0
4.7778648427990795e-05,1.0,-54.39159207160496,-54.391592085303216,0.9999807639681162
8.141681649288802e-05,1.0,-120.1852817753817,-120.18528177960815,0.9999994602327503
6.746388195004024e-05,1.0,-79.20337800021505,-79.20337800003315,0.9999976885475963
6.825763648690247e-05,1.0,-111.01167514665435,-111.01167514678049,1.0
2.2842741907087844e-05,1.0,-51.45027344926324,-51.45027344225976,0.9999999900296501
2.2699203687237823e-05,1.0,-45.50672256049551,-45.50672255225606,0.9999999354335429
0.00012479824096402615,1.0,-149.86661831311136,-149.86661831300412,1.0
5.680674946536441e-05,1.0,-82.67435576666941,-82.67435576661725,1.0
7.111361422653078e-05,1.0,-105.71522050563777,-105.71522050601959,1.0
3.447209462977735e-05,1.0,-78.33267234601574,-78.33267234756222,1.0
7.256680785520405e-05,1.0,-117.08662807367138,-117.08662807379106,0.9999999999992453
6.729347883495238e-05,1.0,-88.17105316686875,-88.17105316698525,1.0
6.792923354869398e-05,1.0,-75.02227933336432,-75.02227934151145,0.9999999999999036
4.722157052244591e-05,1.0,-72.51434981085636,-72.5143498266584,0.9999813229435283
5.6830929876626074e-05,1.0,-81.73990363681585,-81.73990365584598,1.0
4.7564162437971095e-05,1.0,-77.5867126367305,-77.58671265140245,1.0
3.5859749364898133e-05,1.0,-101.53881400683872,-101.53881400811137,1.0
3.622475498979217e-05,1.0,-48.59751386888419,-48.59751387001514,0.95479171772379
4.570027551131051e-05,1.0,-62.78417722742538,-62.78417722723135,1.0
7.017530920369964e-05,1.0,-107.38638559568969,-107.38638559663565,0.9999999999997756
4.524488513185902e-05,1.0,-51.18323924671089,-51.18323927083991,0.9904520452502422
7.214105959595567e-05,1.0,-96.07074012624855,-96.07074012628979,0.9999949589629992
6.747717090677108e-05,1.0,-85.30807362245315,-85.30807362260288,0.9999999995334897
5.9061598764093004e-05,1.0,-85.10802000772259,-85.10802002260466,1.0
3.371334640158141e-05,1.0,-60.03214482315126,-60.032144824705824,1.0
0.00010143211577108925,1.0,-125.86408533239138,-125.86408533244038,1.0
5.606933335726941e-05,1.0,-74.46394393452185,-74.463943934948,1.0
3.36454822260282e-05,1.0,-41.474788966589415,-41.47478896816519,1.0
2.3057853187798544e-05,1.0,-59.27958025218301,-59.27958024675509,1.0
5.825171192960107e-05,1.0,-90.39895715675569,-90.39895717442887,0.9999999999880418
9.629013593371741e-05,1.0,-101.91010840220115,-101.91010840243334,0.9999794833719111
0.00011785834027656892,1.0,-133.02221330450226,-133.02221330473023,0.9999998841988672
4.7833090161422e-05,1.0,-70.96625331471179,-70.9662533148752,0.9999996135517453
5.8813772798438524e-05,1.0,-141.9695571007637,-141.96955711644193,1.0
4.6531081728486153e-05,1.0,-68.25294912934444,-68.25294914884061,1.0
5.648935623175214e-05,1.0,-74.75428002199207,-74.75428004046734,1.0
6.0957039206078474e-05,1.0,-114.14288897590778,-114.1428889777194,0.9999999997585381
5.626330301115946e-05,1.0,-71.153962190112,-71.15396220796977,0.99999966243011
3.871784731348447e-05,1.0,-81.12067703706282,-81.12067703761494,0.9999999999934667
4.502454202539226e-05,1.0,-70.0139449280381,-70.0139449520525,0.9999999999999963
7.874419073766881e-05,1.0,-105.48959678443468,-105.48959678596384,0.9999999999961154
3.408358985045895e-05,1.0,-72.2362238953175,-72.236223896935,1.0
9.094382184692984e-05,1.0,-102.40521967231354,-102.40521967242333,0.9998062279842658
3.3706030562360875e-05,1.0,-53.827027759475904,-53.82702776107943,1.0
3.4470215575443984e-05,1.0,-92.47702241391747,-92.4770224154213,1.0
7.881328942939582e-05,1.0,-107.6353386456555,-107.6353386460436,1.0
8.00403355669782e-05,1.0,-115.89746254176673,-115.89746254974263,1.0
7.130103305893668e-05,1.0,-84.79383162835904,-84.79383162836254,0.9998594080113161
7.947651010103526e-05,1.0,-114.40347549145619,-114.40347550142262,1.0
6.834799247916965e-05,1.0,-99.32928622948023,-99.32928622957247,1.0
4.9780722074753005e-05,1.0,-96.41351161341234,-96.41351161778186,0.9999999825215318
5.6541626917632004e-05,1.0,-59.27777735165411,-59.27777737012834,1.0
7.054721781750202e-05,1.0,-101.23228915629709,-101.23228915670886,1.0
4.6514549408396126e-05,1.0,-100.62205454145628,-100.62205454147046,1.0
1.1316972849460522e-05,1.0,-40.50304739881999,-40.50304749595047,0.9999999999895889
4.6670395608118644e-05,1.0,-66.13260334336599,-66.132603361334,0.9999393971717931
5.802749678093409e-05,1.0,-82.72409580234843,-82.72409582083236,1.0
6.266170545608514e-05,1.0,-93.31374000171685,-93.31374000147963,0.9999999887840195
6.151873170814907e-05,1.0,-84.78346307548307,-84.7834630756889,0.9989845365794281
4.585841419465739e-05,1.0,-80.08878498295562,-80.08878500545875,1.0
4.509940255405072e-05,1.0,-86.00457640070194,-86.0045764248546,1.0
0.0001057673289120093,1.0,-149.4489635576617,-149.4489635576569,1.0
3.389649400575556e-05,1.0,-96.52972583139221,-96.5297258330639,1.0
9.050965488285271e-05,1.0,-105.84349468117983,-105.84349468151625,1.0
6.3213393433204e-05,1.0,-75.87780549531878,-75.87780549576635,0.9973658818736194
9.71088772964584e-05,1.0,-121.03786917329514,-121.037869173413,0.9999999669929928
4.652815187269485e-05,1.0,-76.60299446684492,-76.6029944861673,1.0
2.41219865465105e-05,1.0,-80.06634839417048,-80.06634835004355,1.0
3.376564238263294e-05,1.0,-61.646330328266416,-61.64633032984813,1.0
8.316819956006192e-05,0.999986995001972,-123.50936874848671,-123.5708605812434,0.975074853961976
6.072930239226951e-05,1.0,-126.95020411925856,-126.9502041214125,1.0
3.589937785068689e-05,1.0,-72.768145306667,-72.76814530793204,1.0
1e-08,1.0,-10.82543007176623,-10.82543007176623,1.0
2.2991172718298784e-05,1.0,-28.829472343494835,-28.829472337494824,1.0
3.366732061039196e-05,1.0,-54.99252632132163,-54.992526322994244,1.0
3.5660739444051556e-05,1.0,-84.75933234002581,-84.75933234125033,1.0
4.776300088833164e-05,1.0,-81.62059380809325,-81.62059382142715,0.9999999997562709
3.4005037191572085e-05,1.0,-70.12210060807372,-70.12210060792009,1.0
8.049298902258502e-05,1.0,-82.45052958767202,-82.45052959433174,1.0
5.797053884051342e-05,1.0,-97.60564704347614,-97.60564704329241,1.0
3.583562333339893e-05,1.0,-93.33060911395387,-93.33060911531693,1.0
4.537588765291574e-05,1.0,-96.99892848414638,-96.9989285080699,1.0
5.62106541798752e-05,1.0,-66.73642821535302,-66.73642823302252,1.0
4.919075044762764e-05,1.0,-74.22113973882111,-74.22113974477512,0.9999890767478372
6.793087760371547e-05,1.0,-102.34358187747716,-102.34358187775959,0.9999999999999999
8.33089697294829e-05,1.0,-93.6210686389718,-93.62106864036109,0.9986536348382731
6.199924327853761e-05,1.0,-81.89013859759496,-81.89013859833236,0.9849763857831668
2.270223842866315e-05,1.0,-45.66435630688708,-45.66435629867441,1.0
5.5169766455310325e-05,0.9995731162173824,-100.74032236477578,-116.58528634463153,0.44688909479746025
5.908691242906111e-05,1.0,-84.11396974003577,-84.11396975469643,0.9999999760550722
9.052562224502588e-05,1.0,-111.3421662249743,-111.3421662250184,1.0
2.3875542225991226e-05,1.0,-35.2720778554091,-35.27207785688057,1.0
4.720811474535667e-05,1.0,-69.10538245476197,-69.10538246869443,0.9999999999968705
6.735380707997661e-05,1.0,-74.30141837741672,-74.30141837758225,0.9999792686357973
3.406691753374985e-05,1.0,-57.50261145571206,-57.50261145734297,0.9999999949793722
4.5692114696508356e-05,1.0,-68.10894931122758,-68.10894933421224,1.0
5.735547175842873e-05,1.0,-99.55386432278979,-99.5538643417184,1.0
1.2089009629729067e-05,1.0,-63.62967679296532,-63.6296767160498,1.0
5.1063941719078723e-05,0.9999241878623445,-89.1330347541459,-91.02262180821307,0.8027560382058281
4.5095199797575654e-05,1.0,-73.87109202613723,-73.87109205026084,1.0
5.729553424007765e-05,1.0,-88.41974236080068,-88.41974237980425,0.9999999998178999
7.761923575713585e-05,1.0,-101.83680277393121,-101.8368027866891,0.999988245032851
3.49881967590123e-05,1.0,-49.136204684029984,-49.136204685532384,1.0
1.1463583087751109e-05,1.0,-48.4729613591661,-48.47296145370393,1.0
0.00011630138780849143,1.0,-116.16247211022896,-116.16247211036833,0.9999921916735521
5.79995256437512e-05,1.0,-72.16675691553154,-72.16675693403069,0.9999431690593547
7.926793579120863e-05,1.0,-128.95470531852018,-128.95470532914447,1.0
4.939494740182e-05,0.9999632663594714,-73.29909798412965,-74.01101852765298,0.680337663712401
4.4964434401804165e-05,1.0,-72.75514335121665,-72.75514337503695,1.0
3.3998422558658917e-05,1.0,-48.11892306357635,-48.11892306516892,0.9996756040917081
4.5081016688122276e-05,1.0,-64.86097284824866,-64.86097287242696,1.0
4.498606931899984e-05,1.0,-68.23308077986313,-68.23308080374136,0.9999999999999845
3.38928500426967e-05,1.0,-68.687120268306,-68.68712026989938,1.0
7.402201565362028e-05,1.0,-99.84757940546694,-99.84757940473612,0.9999999908746227
2.4834093982555238e-05,1.0,-143.74775109414435,-143.74775109380366,1.0
0.00011888402730788689,1.0,-111.19531850269598,-111.19531850275834,1.0
4.483353840416186e-05,1.0,-49.64391915433569,-49.64391917754437,0.9999999999980872
4.7408736698445605e-05,1.0,-65.47810650498046,-65.47810651786526,0.9999676710473722
3.359804863857958e-05,1.0,-41.17852714788476,-41.17852714946035,0.991025083637254
6.752811039554822e-05,1.0,-85.5485651830355,-85.54856518314526,0.9999999946511466
4.5119972376326776e-05,1.0,-70.94943538678142,-70.94943541094086,0.9999999999999996
3.5392756841723756e-05,1.0,-65.67174211308702,-65.67174211457504,1.0
6.738180473715498e-05,1.0,-88.02561886963821,-88.02561887004441,1.0
3.380124839316252e-05,1.0,-70.10463964127686,-70.10463964287165,1.0
2.521063018189141e-05,1.0,-47.610324997254246,-47.61032500691594,0.9998555945855578
6.445073049352149e-05,1.0,-90.670078263712,-90.67007826385529,0.9550330974461773
7.899497697846087e-05,1.0,-105.44180852131538,-105.44180853294412,0.9999999999999999
5.934137068165366e-05,1.0,-75.99270785414409,-75.99270785820426,0.9999060289522103
4.617374512701411e-05,1.0,-62.27167370421409,-62.27167372611701,0.9999999999695552
3.3768372010782835e-05,1.0,-52.07481861769656,-52.07481861924744,1.0
2.2685257767927853e-05,1.0,-51.118288671993376,-51.11828866358285,1.0
3.629395685694424e-05,1.0,-59.19059918428806,-59.19059921276392,0.9999993495654214
6.900225178043578e-05,1.0,-108.16191644113093,-108.1619164413488,1.0
4.8203143244612534e-05,1.0,-70.70816128246291,-70.7081612918888,0.9998331668980179
7.091069318752927e-05,1.0,-102.32322471009213,-102.32322471046186,0.9999999948582768
1.1278689272169866e-05,1.0,-26.013108042595714,-26.013108140426244,0.9999344387653174
5.9409277560543695e-05,1.0,-78.94025823948103,-78.94025825271017,0.9999999999999931
8.096452159061817e-05,1.0,-124.5227456953411,-124.5227456952476,1.0
8.050457264169993e-05,1.0,-105.8897341164869,-105.8897341232285,0.9999999980659117
4.523203651731687e-05,1.0,-84.56040415353611,-84.56040417765354,1.0
4.543772942872287e-05,1.0,-60.27421973443833,-60.27421975822947,1.0
5.8001956996913765e-05,1.0,-86.35815806619978,-86.3581580847303,0.999999999999998
5.72631745567995e-05,1.0,-102.60930438997867,-102.60930440914362,1.0
3.453411822293296e-05,0.994272750993727,-72.32883199479585,-84.90658657885055,0.09511625948979413
6.073836834780342e-05,1.0,-109.45499660496556,-109.45499660689396,1.0
5.041474961810532e-05,1.0,-110.13136807380927,-110.13136807697387,1.0
0.00011318735110763563,1.0,-124.95550055785107,-124.95550055767379,0.9999997258744062
5.651695283083943e-05,1.0,-76.22704447151484,-76.22704449009983,0.9999999999999999
7.875795984383204e-05,1.0,-125.24289845276465,-125.24289846519704,1.0
4.648165382637261e-05,1.0,-74.19644660015618,-74.19644661905394,0.9999999995879485
1.1403831137959267e-05,1.0,-44.09046009485205,-44.09046019035176,1.0
7.880974080483929e-05,1.0,-102.48000600791525,-102.48000602009922,0.9999999996623976
3.394725839402719e-05,1.0,-52.885886915572,-52.885886917119045,1.0
8.742058581392122e-05,1.0,-106.01979631278454,-106.01979632400953,0.9999998587547235
5.933289392844171e-05,1.0,-80.69212743524729,-80.69212744888203,0.9999999999931445
7.130356258682624e-05,1.0,-84.79343884365764,-84.7934388436097,0.9998594242193981
9.011656360927016e-05,0.9999988694975597,-114.43980407197357,-114.44013925701469,0.9920690035720529
4.503936495638406e-05,1.0,-69.27280255299911,-69.27280257705195,1.0
7.25972595826512e-05,1.0,-104.08217220204818,-104.08217220201136,0.9999999945346648
2.31506268113177e-05,1.0,-45.04150818735247,-45.04150818233681,1.0
7.313216863208906e-05,1.0,-101.39527541213792,-101.39527541099251,0.999999996868686
5.658725818200286e-05,1.0,-72.91427791200316,-72.91427793061898,1.0
5.7280685650437096e-05,1.0,-91.90294980446544,-91.90294982341425,1.0
3.3866461787111504e-05,1.0,-112.6370276589347,-112.63702766062202,1.0
3.365951002722044e-05,1.0,-42.46408748238346,-42.464087481908784,1.0
6.76485922778428e-05,1.0,-80.17006426280494,-80.1700642629242,0.9999075484626854
3.53726211430206e-05,1.0,-55.14226742393308,-55.14226742536103,0.9999999999999999
3.440788994922735e-05,1.0,-57.40048627721386,-57.40048627870846,0.9999420098859189
6.737853986518845e-05,1.0,-82.38926245008754,-82.38926244992578,1.0
3.366618539981005e-05,1.0,-54.992627327736294,-54.99262732929317,1.0
2.9959504929297713e-05,1.0,-89.37994173037227,-89.37994170329601,1.0
2.2759234706507366e-05,1.0,-53.36878097901656,-53.36878097128566,0.9999999999772008
7.933605145279378e-05,1.0,-118.81640665316725,-118.81640666362803,1.0
8.006127168967924e-05,1.0,-127.01409312201375,-127.01409312987181,1.0
0.00010186834116983695,1.0,-110.74504834115842,-110.74504834106772,1.0
8.056218845389414e-05,1.0,-108.93626674355093,-108.93626675002473,0.9999995452945885
5.979153641377562e-05,1.0,-83.9449325720129,-83.94493257194165,1.0
8.252765494450793e-05,1.0,-99.47098044869023,-99.47098045089731,0.9999989397758479
4.621131193993981e-05,1.0,-57.017473482159886,-57.01747348300518,0.9999999944982412
5.9089425496841153e-05,1.0,-65.22187798668989,-65.22187800139602,0.9999999999999294
5.8467396395298856e-05,1.0,-89.89443174469632,-89.89443176201401,1.0
1.1465950522312049e-05,1.0,-47.768842112683046,-47.768842207174735,0.9999999989052478
4.5027578167158905e-05,1.0,-70.01330479030165,-70.01330481425896,0.9999999999999963
4.587839946433082e-05,1.0,-89.9566617635365,-89.95666178594136,0.9999999999999963
8.460402099885648e-05,1.0,-124.31759602798935,-124.31759602859059,0.9999816454382131
3.513732896380114e-05,1.0,-47.43393733291313,-47.4339373327601,1.0
5.6481840446562344e-05,1.0,-81.31413334451851,-81.31413336293645,0.9999999999999966
1.1227907945898037e-05,1.0,-30.885181252006824,-30.88518135072532,1.0
3.5830368400473506e-05,1.0,-69.93781497515664,-69.93781497633418,0.999999947659813
6.991876004096025e-05,1.0,-78.1344484560553,-78.13444845634787,0.9999999999999999
3.40937818970177e-05,1.0,-49.27695818321659,-49.27695818307815,0.9999999999998475
3.537659627665205e-05,1.0,-46.76064756578667,-46.76064756718433,0.999999999996756
4.5085017130783994e-05,1.0,-71.2595659508735,-71.25956597496007,1.0
3.370119627071391e-05,1.0,-52.578010843926236,-52.578010845447125,1.0
4.489969495209058e-05,1.0,-65.18325311132882,-65.18325313482336,1.0
4.7211470634750036e-05,1.0,-59.609781347808585,-59.60978136166047,0.9980716283329873
4.6745440120601185e-05,1.0,-85.39085456593887,-85.39085458444706,1.0
4.682366575536285e-05,1.0,-67.09516112248144,-67.09516114065674,0.9999526957623781
3.3699836561502475e-05,1.0,-51.391809498384205,-51.39180950006404,1.0
5.6504571529583594e-05,1.0,-86.17120588281402,-86.17120590179674,1.0
4.5870923387612256e-05,1.0,-67.52646579082635,-67.526465812961,0.999923165828044
2.3161916738430516e-05,1.0,-70.14044318369668,-70.14044317885512,1.0
6.753605071803433e-05,1.0,-79.02955383337427,-79.02955383352472,0.9999999999999999
3.398099023889138e-05,1.0,-39.33277506296988,-39.33277506457065,1.0
1e-08,1.0,-49.20776585654004,-49.20776585654004,1.0
5.6286581390206285e-05,1.0,-84.7101219241959,-84.71012194247918,1.0
4.494441798327301e-05,1.0,-51.00978007408064,-51.0097800978292,0.9999999867980082
7.101982170103021e-05,1.0,-108.15304933696606,-108.15304933732195,1.0
2.2897779473943037e-05,1.0,-77.33959467023716,-77.33959466354449,1.0
3.470184561954975e-05,1.0,-60.95294768636453,-60.95294768797857,1.0
6.073750872331077e-05,1.0,-68.01559383511093,-68.01559383735083,0.9990141853432488
7.069688925827879e-05,1.0,-85.06140754267302,-85.06140754305065,0.9999380759189243
1e-08,1.0,-44.51078188662115,-44.51078188662115,1.0
1.1290667260577079e-05,0.9999306922134515,-55.44374964948411,-60.25897330897587,0.9167980350364473
8.024001253921301e-05,1.0,-121.87698175875859,-121.87698176607012,1.0
5.714214910118509e-05,1.0,-124.00212022610843,-124.00212024594622,1.0
6.999426476236131e-05,1.0,-93.92100769875725,-93.92100769902702,0.9999990895600137
4.7868585861468296e-05,1.0,-125.95909725516148,-125.95909725908747,0.9999999999988525
8.172013370045084e-05,1.0,-100.81977890470166,-100.81977890503507,1.0
3.3707909494761215e-05,1.0,-58.45693443270824,-58.45693443424473,1.0
4.698773118894578e-05,1.0,-79.5533001553105,-79.55330017266164,1.0
0.00010258020703497714,1.0,-120.04778469516866,-120.04778469511473,1.0
5.6388487903342276e-05,1.0,-79.70853901228301,-79.70853903047498,0.9999999999999644
9.453812039125302e-05,1.0,-127.95059899132231,-127.95059899149031,0.9999958367593866
0.0001233308834106136,1.0,-135.3805628968656,-135.3805628969042,1.0
4.4260834903666574e-05,0.9999968502985316,-58.97563801079991,-58.978835848450224,0.9987848312410968
6.810540995684645e-05,1.0,-105.73656377658737,-105.73656377687136,1.0
2.2948327435979644e-05,1.0,-47.05604216520575,-47.05604215884094,0.9999996595838606
5.8936355303103656e-05,1.0,-126.13146603059663,-126.13146604583608,1.0
2.384334506239098e-05,1.0,-58.04853172516919,-58.04853172661646,1.0
1.1245850840186156e-05,1.0,-24.95733952440737,-24.957339622842877,0.9999772321022272
4.8120958480159106e-05,1.0,-101.81105846672695,-101.81105847862392,1.0
6.257729596339672e-05,0.9999653666917867,-99.23880210741085,-100.80519068468544,0.9788208523875267
9.483409090928941e-05,1.0,-101.0629252766427,-101.06292527690334,0.9999999999999999
0.00010598222140238407,1.0,-137.8664727292576,-137.86647272932203,1.0
3.476872193717616e-05,1.0,-83.55782132508475,-83.55782132481724,1.0
7.254877911123437e-05,1.0,-82.49326806720153,-82.4932680672728,0.999988532144107
2.7247812688005086e-05,1.0,-67.53546599561128,-67.53546599927174,0.9999999305679617
2.258586761888153e-05,1.0,-56.83719688628059,-56.83719687703872,1.0
3.397969758018079e-05,1.0,-49.43445222582231,-49.43445222732965,0.9999988714138386
2.4780523910762108e-05,1.0,-53.78735394544706,-53.78735394609177,0.9999568327977753
7.054877786772786e-05,1.0,-87.60751325125713,-87.60751325150612,0.9999993816990992
6.899119175387992e-05,1.0,-125.46290822508033,-125.46290822523888,1.0
4.5448951308923105e-05,1.0,-86.65353208427793,-86.65353210802812,0.9999999999999684
3.493987855065717e-05,1.0,-101.1698429594473,-101.16984296091019,1.0
0.00010010342628855654,1.0,-164.45672201546418,-164.45672201595661,1.0
9.283127753437275e-05,1.0,-102.4747050195029,-102.4747050196613,0.9992944292227719
3.5167450584417566e-05,1.0,-78.31431653161509,-78.31431653312141,1.0
3.465743096219172e-05,1.0,-70.74204497855573,-70.74204498003893,1.0
2.3065528791675845e-05,1.0,-44.32284743439366,-44.32284742888368,0.9999999999999932
3.4985172206906366e-05,0.9999004366935627,-61.4750156202279,-64.1751833034988,0.6290162597589867
4.699164420462491e-05,1.0,-65.63453165619804,-65.63453167363609,1.0
5.821346484200164e-05,1.0,-98.82715162891236,-98.82715164680639,0.9999999998977178
3.514444986261919e-05,1.0,-76.29569866289414,-76.29569866433033,1.0
4.517737282259971e-05,1.0,-62.57788602023433,-62.57788604436691,0.9999983746407359
6.79509443774721e-05,1.0,-77.53481373770988,-77.53481373784521,0.7890708942544463
4.652371138348827e-05,1.0,-59.31308247818561,-59.31308249777475,0.9999999999999686
5.741129676656924e-05,1.0,-66.92949062115464,-66.92949062113327,0.9999992213817354
4.842859863469e-05,1.0,-119.76490443999778,-119.76490445089645,1.0
2.322726021739633e-05,1.0,-91.55562150895682,-91.55562150436005,1.0
2.2987200398396406e-05,1.0,-65.22977476902177,-65.22977476302503,0.9999999999999983
1.137717342147792e-05,1.0,-80.02528637638375,-80.02528647242804,1.0
4.6727829974083427e-05,1.0,-66.02415994807174,-66.02415996567787,0.9999456025745813
4.605927886222938e-05,1.0,-70.96488330452061,-70.96488332652325,0.9999999942199834
4.701184278073652e-05,1.0,-55.68571158346964,-55.68571160069688,1.0
7.961607770352167e-05,1.0,-137.63706615179794,-137.63706616138455,1.0
0.00010409997018712814,1.0,-108.53599188402319,-108.53599188401392,1.0
2.5530464344893666e-05,1.0,-63.22296796286352,-63.22296797236125,0.9933165073094713
2.2773144099168575e-05,1.0,-51.47883841775761,-51.47883841015582,0.9999999999970126
4.5759158601798267e-05,1.0,-73.78997961602808,-73.789979638742,0.9999999999519794
5.640322383483706e-05,1.0,-84.90452796950372,-84.90452798835688,1.0
7.4210001075936e-05,1.0,-98.76874895600776,-98.76874895540784,0.999918159600911
9.034492884791892e-05,1.0,-125.30636713248326,-125.30636713676037,0.8530392840620332
4.547013845314052e-05,1.0,-115.21785280160897,-115.21785282534364,1.0
7.943108102576919e-05,1.0,-125.23879527621247,-125.23879528633056,1.0
2.49953107674467e-05,1.0,-53.70752181948904,-53.70752182230916,0.9999991173937092
4.502822089841011e-05,1.0,-64.44230303067889,-64.44230305481584,1.0
8.802898392352965e-05,1.0,-131.34908762132343,-131.34908762959307,0.999999999999543
5.970690237192374e-05,0.9999288805706854,-95.72986439947253,-101.64656710264441,0.8754108198070897
4.5716192433087e-05,1.0,-92.04623120396393,-92.04623122688528,1.0
7.121954671677978e-05,1.0,-100.19018668683789,-100.19018668721021,1.0
3.423737599781693e-05,0.9999637181174433,-83.24155396938376,-86.65300600424618,0.9694246965349964
2.331501389786509e-05,1.0,-63.65153689650427,-63.65153689244689,1.0
7.042885780219426e-05,1.0,-79.13967345112147,-79.13967345144091,0.9973156200525042
9.27406541598538e-05,0.9999713025858287,-109.63426742867046,-110.30673703511789,0.9816121765178706
3.366234283443241e-05,1.0,-41.171043250384365,-41.17104325197904,0.9999999999899919
3.46161680408019e-05,1.0,-61.62898025755651,-61.62898025910881,0.9999999999999764
2.267840550481811e-05,1.0,-41.67620037391559,-41.67620036552976,1.0
9.60219791767234e-05,1.0,-132.6823599468221,-132.6823599469869,0.9999999999771811
5.914810221672801e-05,1.0,-65.86341569457275,-65.86341570905948,1.0
4.511728327914013e-05,1.0,-71.93745479193883,-71.93745481604189,0.9999999951110508
6.850719790173065e-05,1.0,-105.91342105014243,-105.91342105029123,1.0
8.179916753572892e-05,1.0,-93.82356266339272,-93.82356266978519,0.9995393852342668
3.419847309601869e-05,1.0,-76.27575945975138,-76.27575946143585,0.999999998529322
4.6322980172940115e-05,1.0,-75.82914654513473,-75.82914656571579,1.0
4.545310540510002e-05,1.0,-78.78226862547797,-78.78226864923205,0.9999999997958381
9.063982390757407e-05,1.0,-98.02208052193406,-98.02208052135627,0.9989298956088533
4.9325930717008596e-05,1.0,-101.57929059807249,-101.57929060479452,0.9999999999518426
4.647610472831844e-05,1.0,-71.78864286451773,-71.78864288362263,0.999999950961163
2.2452283066804135e-05,1.0,-44.50385678262502,-44.50385677207462,1.0
3.431947425602032e-05,1.0,-81.31898460676437,-81.31898460842386,1.0
0.00011598267374447962,1.0,-129.4572191812017,-129.45721918120805,0.999999999655026
3.719696071546286e-05,1.0,-82.1311321975616,-82.13113222581138,1.0
4.7421509775218836e-05,1.0,-73.94796142979915,-73.94796144270215,0.9999999951440209
3.8231095477882166e-05,1.0,-89.71909356217229,-89.71909356215653,0.9999999999979303
6.80091149581682e-05,1.0,-100.76604469320837,-100.76604469335695,0.9999999999999876
2.3741210896519773e-05,1.0,-83.61336179227214,-83.61336179390516,1.0
4.730068671704007e-05,1.0,-77.9426277874043,-77.94262780315108,1.0
0.00013418811516247662,1.0,-149.8944169546391,-149.89441695457538,0.9999962897887369
2.2607417124381516e-05,1.0,-33.20147044271701,-33.20147043365777,1.0
1.2078378119287686e-05,1.0,-38.682825625643616,-38.682825545210086,0.999948119640278
7.019760861220696e-05,1.0,-111.43368342968535,-111.43368343002557,1.0
6.999416814491301e-05,1.0,-97.8980828679569,-97.8980828682704,0.9999999999999521
1e-08,1.0,-34.85363939753543,-34.85363939753543,1.0
7.860987731517426e-05,1.0,-111.5641823466245,-111.56418234791622,1.0
1e-08,1.0,-48.399729698534365,-48.399729698534365,1.0
3.607369285410738e-05,1.0,-87.74471244308332,-87.74471244423978,0.9999999995025655
8.725083496263846e-05,1.0,-125.18763749136839,-125.18763750307868,0.9999999999868332
3.440670367429678e-05,1.0,-57.400589504886675,-57.400589506328785,0.9999420118487515
4.4982592694758e-05,1.0,-56.5216361631734,-56.521636187135684,0.9999160636853504
3.594927028165706e-05,1.0,-80.00801460918247,-80.0080146103326,0.9999999997842722
2.24375667897695e-05,1.0,-31.220426904937128,-31.220426894251258,0.9999908807099581
5.621744871575218e-05,1.0,-75.03594811294727,-75.03594813105497,1.0
4.5745272298344276e-05,1.0,-81.97307195105044,-81.9730719736558,1.0
2.3502537996464106e-05,1.0,-53.28550061738525,-53.285500617347886,1.0
3.4013447786565695e-05,1.0,-66.68586516432326,-66.68586516587548,0.9999999999999399
7.947656210012161e-05,1.0,-106.59106871625971,-106.59106872624399,0.999999999876966
5.6781814912175796e-05,1.0,-73.89091157289823,-73.89091159179927,1.0
7.028734065701204e-05,1.0,-99.7694761753733,-99.76947617577555,1.0
2.4497041307878213e-05,0.9995579666220377,-80.9901270092927,-111.67672032301566,0.5043523060848986
4.901672928154185e-05,1.0,-87.52918407161988,-87.52918407892231,0.9999255466697508
7.757132256738637e-05,1.0,-105.18297413713883,-105.18297415013869,0.9999999999983865
3.3666185396515095e-05,1.0,-54.99262732775006,-54.99262732930676,1.0
6.0197183564820584e-05,1.0,-77.28296339900174,-77.28296340210173,0.9999999968898181
2.3247401912973388e-05,1.0,-52.27779601136897,-52.27779600691548,0.999999999999856
2.3119237140332873e-05,1.0,-67.0797288988766,-67.0797288937114,0.9999999999999999
4.6131532764027857e-05,1.0,-64.57762266146688,-64.5776226831622,0.9999867296319191
0.00010188030216240048,1.0,-114.30507116227353,-114.30507116226092,0.9969191886389147
6.731264554349367e-05,1.0,-87.06280408592039,-87.06280408607302,1.0
7.086971301202501e-05,1.0,-87.16940800935357,-87.169408010001,0.9947579209236133
3.460409084115097e-05,1.0,-63.30410759170886,-63.30410759332027,1.0
4.591127546042827e-05,1.0,-93.8682198260209,-93.8682198482616,1.0
4.5506878309695726e-05,1.0,-82.9900221815347,-82.99002220509483,1.0
5.610650996952018e-05,1.0,-77.63711038843144,-77.63711038853872,1.0
2.2445801482375947e-05,1.0,-35.15478091510444,-35.15478090455366,0.9999999895350165
8.211457725881244e-05,1.0,-90.21227503331245,-90.21227503628052,0.9999999999855155
1.1366412942245444e-05,1.0,-39.13361634291896,-39.13361634252802,1.0
0.0001039035184580187,1.0,-141.77032462027748,-141.77032462017334,1.0
5.7902061020255806e-05,1.0,-81.84889192948275,-81.84889194806887,0.9999999998749183
2.3330382436398842e-05,0.9999097627732615,-64.64047754460512,-65.07703155417313,0.8141377246964685
4.551060465198377e-05,1.0,-72.4193140326821,-72.41931405619948,1.0
5.6933627191857e-05,1.0,-100.23625737129464,-100.2362573903874,1.0
3.67585478720782e-05,1.0,-72.20368892778487,-72.20368895476162,0.9999999971385437
3.5991195787408904e-05,1.0,-77.09499538902344,-77.09499538993654,0.999999999983
3.61660853047028e-05,1.0,-69.98101753561012,-69.98101753684735,1.0
4.885282847843186e-05,1.0,-69.30183959775042,-69.30183960512849,0.9999760036455412
8.863540694551546e-05,1.0,-91.04139939846196,-91.04139940351074,0.9999851238009914
2.4461849867915224e-05,1.0,-47.81755771118862,-47.81755770666006,0.999963298836338
4.5399836551087066e-05,1.0,-63.70762547479463,-63.7076254987027,0.9999949191675631
2.2978245533482807e-05,1.0,-49.35099189615212,-49.350991889995655,1.0
3.429799633095238e-05,1.0,-39.18912700228434,-39.189127003877985,1.0
6.857097361462337e-05,1.0,-99.99138770413323,-99.99138770441458,1.0
3.635439969908722e-05,1.0,-78.47518161124377,-78.475181612372,1.0
6.382289842085757e-05,1.0,-95.29007907337628,-95.29007907362897,0.9999998671191519
3.369940780434507e-05,1.0,-65.05664594180088,-65.05664594336733,1.0
5.610586217462663e-05,1.0,-64.05166476439399,-64.05166476400703,1.0
4.551015734468477e-05,1.0,-63.83911052191342,-63.83911054547103,1.0
6.958487031228322e-05,1.0,-106.10933037671495,-106.10933037697642,0.999600168143146
3.41676569609291e-05,1.0,-65.10480902140169,-65.10480902299065,0.99999999995765
5.674281758190221e-05,1.0,-92.89780956345847,-92.8978095824219,1.0
6.949876551196787e-05,1.0,-100.08233977607487,-100.08233977628053,1.0
9.585742500298762e-05,1.0,-136.05664479566389,-136.05664479583808,0.999999950367414
4.687304525442233e-05,1.0,-70.51831451750235,-70.51831453425504,0.9999997716630769
5.891489419289339e-05,1.0,-90.22652055649692,-90.2265205564706,1.0
2.249354397273774e-05,1.0,-49.81894164423462,-49.81894163415369,1.0
4.9365719892525074e-05,1.0,-115.78991014097818,-115.78991014842946,0.9999999799976353
8.043918884472833e-05,1.0,-101.81077676521402,-101.81077677196674,1.0
2.2869211683473685e-05,1.0,-43.34984382207913,-43.3498438151786,1.0
3.36751194686688e-05,1.0,-48.981307418938165,-48.98130741851664,1.0
6.752053247848123e-05,1.0,-70.82781399925666,-70.82781399940173,0.9999999948244315
6.732858910426632e-05,1.0,-74.70681701093922,-74.70681701105059,1.0
4.5143384862020824e-05,1.0,-54.48580005434291,-54.48580007850179,0.9999999999998973
3.6947901960034497e-05,1.0,-78.67706352433372,-78.67706355361918,1.0
5.0152086481729605e-05,1.0,-79.519258466872,-79.51925847007787,0.999870852074587
3.452468274365116e-05,0.9999131334945831,-81.6591985737006,-91.02953029057987,0.9021842616414185
5.696430199687277e-05,1.0,-97.75174301857373,-97.75174303764956,1.0
6.856626221839628e-05,1.0,-99.99179907539543,-99.99179907542413,1.0
3.470503185573048e-05,1.0,-82.41152237110967,-82.4115223726636,1.0
7.121971078402086e-05,1.0,-80.66810906645199,-80.66810906644439,1.0
3.4373973691723554e-05,1.0,-67.33571203307656,-67.3357120347369,0.9999995138460015
4.60898572236428e-05,1.0,-62.33595714505009,-62.33595714546049,0.9999999999999999
4.010027128099565e-05,1.0,-85.66439902221435,-85.6643990362302,0.9999999999893311
0.00010109411305012025,1.0,-110.55180381671548,-110.55180381650233,1.0
6.861266873711965e-05,1.0,-101.69799971175694,-101.69799971196706,1.0
1.1854271206770825e-05,1.0,-64.3971528725385,-64.39715287827434,1.0
7.903268825816774e-05,1.0,-94.91023554030814,-94.91023555181238,0.9999994284601214
3.427798687620628e-05,1.0,-48.901303312214836,-48.90130331387861,1.0
7.171319641594583e-05,1.0,-98.01387942249839,-98.01387942293877,0.9999690532691444
6.108219048831032e-05,1.0,-109.09668317840134,-109.09668318034667,1.0
4.5204972373117005e-05,1.0,-71.51418269729001,-71.51418272146287,0.9999999999999988
4.490199619660478e-05,1.0,-51.1665355852651,-51.16653560881507,1.0
2.247691718694037e-05,1.0,-50.475801459486085,-50.47580144921501,1.0
6.90922094391353e-05,1.0,-85.31804851220497,-85.31804851249588,1.0
7.724664622299308e-05,1.0,-122.10909259465237,-122.10909260765361,0.999999999982395
5.820059132691171e-05,1.0,-107.25888012763622,-107.25888014569037,0.9999999999999944
3.6886188080686956e-05,1.0,-70.75775076844559,-70.7577507703441,0.9999973681229759
4.6749396404596745e-05,1.0,-69.80333819590949,-69.80333821445285,0.9999999943319727
7.862256046022382e-05,1.0,-94.59100228652576,-94.59100229928067,1.0
5.622836995368056e-05,1.0,-66.41550740848669,-66.41550742613659,0.9998952276788113
3.691086226425693e-05,1.0,-89.31244087552149,-89.31244090486304,0.9999999999992347
2.900597163479434e-05,1.0,-79.64429638695184,-79.6442963753807,0.9995756579294255
8.035089713017202e-05,1.0,-120.3929594162785,-120.39295942330273,1.0
8.136340899924406e-05,1.0,-94.41088132957398,-94.41088133397626,1.0
5.800703958543775e-05,1.0,-69.02277826987795,-69.02277828837568,0.9999999999993321
3.547659271544088e-05,1.0,-69.67902595785003,-69.67902595911778,0.9999999999529017
5.724938033042424e-05,1.0,-75.53364614121922,-75.53364616033343,0.9999998187210187
0.00010401588652369943,1.0,-127.44291464030029,-127.44291464030584,0.9999999999999998
1.1686045139355688e-05,1.0,-45.65238540272333,-45.65238540837643,1.0
2.420107193860828e-05,1.0,-51.7904290815868,-51.790429037244564,0.9999993295816303
2.2324225667572545e-05,1.0,-43.958824284482674,-43.9588242802779,0.9999999794429577
3.5910276740252086e-05,1.0,-67.02737942314373,-67.02737942417905,0.9999997994638926
5.386739722505115e-05,1.0,-68.74887558697041,-68.74887558706223,1.0
6.947421176793063e-05,1.0,-96.43851622040408,-96.43851622063505,0.9999991950066004
3.442185550021651e-05,1.0,-69.03572573164035,-69.03572573324325,0.9999999999292899
3.366258740667264e-05,1.0,-44.14247658842763,-44.14247659000966,0.9999999999999951
4.699612821049529e-05,1.0,-137.35241508075515,-137.35241509822507,1.0
3.94136401891703e-05,1.0,-85.78733119691816,-85.78733120370298,0.9999989566344323
9.49394110745322e-05,1.0,-122.6891800124417,-122.68918001278533,0.9999999999999699
2.4376202779873745e-05,1.0,-77.89524210662888,-77.89524206249439,1.0
7.205306619012564e-05,1.0,-99.82409702552667,-99.82409702552283,0.9999999800091319
1.1356491230356374e-05,1.0,-52.00332403916565,-52.003324135611,1.0
2.2438452990453227e-05,1.0,-43.92342081670074,-43.92342080588908,1.0
2.6381170719190185e-05,1.0,-75.7241670601118,-75.72416707368109,0.9999999998775377
3.3760874064057774e-05,1.0,-50.98274938059671,-50.98274938220731,0.9999999999999999
3.374011240504614e-05,1.0,-67.68175488116442,-67.68175488271046,1.0
2.900132059610258e-05,1.0,-127.11848140742711,-127.11848142818279,1.0
7.064444492092955e-05,1.0,-101.47844439669635,-101.47844439698814,1.0
7.865445394601145e-05,1.0,-88.3035905538911,-88.3035905665833,0.9999999999837621
1.1468266562010462e-05,1.0,-84.11502767356743,-84.11502776807998,1.0
3.3753401841683064e-05,1.0,-60.74527346374225,-60.745273465336915,1.0
6.029221938896292e-05,1.0,-112.19770603036264,-112.19770603317043,1.0
6.914034378112398e-05,1.0,-75.67432297025135,-75.67432297050391,0.9999999999997785
3.704808130154961e-05,1.0,-69.14671700699894,-69.1467170358574,0.9999999998801123
5.675217685373613e-05,1.0,-73.58980792148745,-73.58980794044146,0.9999921607359671
6.33714775098259e-05,1.0,-103.9811365698192,-103.98113657033404,0.9999999999860272
4.5751391258754775e-05,1.0,-65.00999510268663,-65.00999512553268,1.0
2.271463060998152e-05,1.0,-58.418728671391754,-58.41872866328191,1.0
5.807708425947461e-05,1.0,-78.57686649279732,-78.57686651119678,1.0
4.724066966964923e-05,1.0,-59.63954999531214,-59.63955000897238,0.9980175108808763
3.3800942021809186e-05,1.0,-56.27031807947529,-56.270318081078464,1.0
6.404318301828095e-05,1.0,-84.36223198302032,-84.36223198325818,0.9999999999551377
2.2503597430586066e-05,1.0,-53.395360340619796,-53.39536033056383,1.0
4.6623018427471575e-05,1.0,-87.60820085813577,-87.60820085821689,0.9999999999999856
1.247183443687668e-05,1.0,-38.198312868733666,-38.19831279854455,0.9999999967636821
2.3572681600724467e-05,1.0,-35.845414758197855,-35.845414758220095,0.998413687889298
1.1551235160706476e-05,1.0,-44.00559926004722,-44.00559926565557,1.0
2.2446556402602606e-05,1.0,-35.151513634546724,-35.15151362400079,0.99999998950965
5.617752902606911e-05,1.0,-76.3142390005224,-76.31423901848947,1.0
5.680392972042993e-05,1.0,-84.91657052342,-84.91657054244253,1.0
3.369592284055623e-05,1.0,-50.047707160606485,-50.04770716047638,1.0
5.017674218806272e-05,1.0,-80.41948115167301,-80.41948115544136,0.9999999690823299
5.6163982754357945e-05,1.0,-71.49432467137964,-71.49432467145003,1.0
5.8159079815164294e-05,1.0,-75.85026109775643,-75.85026111566744,0.9989624218547085
7.885592172219879e-05,1.0,-86.65420696918892,-86.65420698122277,1.0
4.5636208379870076e-05,1.0,-90.99598130033557,-90.9959813234975,1.0
8.440214832099964e-05,1.0,-108.86861503553642,-108.86861504782087,1.0
1.1305936239121207e-05,1.0,-33.683406521154915,-33.68340661847765,1.0
3.386139549254282e-05,1.0,-88.211874241748,-88.2118742433617,1.0
3.962200912529414e-05,1.0,-95.96776956774335,-95.96776957593087,0.9999999999763083
3.375009125265396e-05,1.0,-51.38893112874009,-51.38893113030482,0.9999999999999996
7.007054862971315e-05,1.0,-96.4500500485146,-96.45005004880987,1.0
4.5137734587214264e-05,1.0,-69.97210960523147,-69.97210962937459,1.0
3.478405577485183e-05,1.0,-77.62687774510097,-77.62687774659176,1.0
2.2439141254918972e-05,1.0,-32.164221381212755,-32.164221370527784,0.9999999782984427
6.229822781134477e-05,1.0,-88.76698949005674,-88.76698949078985,0.9999999851201781
4.611539608979077e-05,1.0,-65.15110512290224,-65.15110514434777,0.9874165520388213
9.280194377522652e-05,1.0,-101.86232798430588,-101.86232798443639,0.9999998194623345
6.906740730350492e-05,1.0,-90.05832524838591,-90.05832524858403,1.0
0.00010130092839317245,1.0,-123.21360276471516,-123.21360276472106,1.0
4.524320484423623e-05,1.0,-56.281246602813056,-56.281246626973974,0.9999996676743437
2.282946283215035e-05,1.0,-37.052550260377124,-37.05255025319286,1.0
4.755117491334368e-05,1.0,-50.78068479499185,-50.78068480973101,0.9999999999847711
4.510777387735393e-05,1.0,-81.6097904654379,-81.60979048961939,1.0
5.693362482644156e-05,1.0,-100.23625737132313,-100.2362573903844,1.0
5.663562087881097e-05,1.0,-95.29443963684754,-95.29443965600734,1.0
3.3738311608068526e-05,1.0,-52.696178619097616,-52.69617862063048,1.0
2.2626257766516285e-05,1.0,-41.41175108243352,-41.41175107359525,0.9999997600136297
0.00013008752229305665,1.0,-143.2853364231855,-143.28533642323646,0.9999857943755046
5.676819678326501e-05,1.0,-94.3941680844145,-94.39416810327918,1.0
1.1215466402883628e-05,1.0,-17.898195578595868,-17.898195677554067,1.0
3.372468503603417e-05,1.0,-51.16707545592436,-51.16707545746481,0.9999999999999718
3.586678562783086e-05,1.0,-58.06180961740894,-58.06180961874841,1.0
5.8332946334702526e-05,1.0,-98.54732450078748,-98.54732451837927,1.0
3.5255283427191405e-05,1.0,-50.06345306306595,-50.06345306445771,1.0
0.00010098456434013558,1.0,-103.09268571946338,-103.09268571945975,0.9999999999999988
1.1364221030623307e-05,1.0,-44.67060484585526,-44.67060494219393,1.0
0.00011959984947611263,1.0,-143.95262133230585,-143.95262133222468,0.9999999945097748
7.02818112157575e-05,1.0,-78.26371123839121,-78.26371123863228,1.0
4.515405906124789e-05,1.0,-69.36632854984684,-69.36632854948022,1.0
5.451772635644202e-05,0.9999944122661434,-71.96656184055765,-71.97687260163995,0.9922025232128898
0.00010297533677937172,1.0,-130.50232685607162,-130.50232685616137,1.0
5.671996873551247e-05,1.0,-78.24219352408812,-78.24219354300543,0.9999752194724071
6.795331747417017e-05,1.0,-91.91914690368814,-91.91914690381324,0.9999966127657135
7.052838914277341e-05,1.0,-93.54394759074006,-93.54394759106482,1.0
1e-08,1.0,-30.846962784199057,-30.846962784199057,1.0
8.234047452028251e-05,1.0,-119.58041307314089,-119.58041307341766,0.9999999999999677
7.8835959906371e-05,1.0,-90.40296587966307,-90.40296589184426,0.9998945733312053
2.3180466298007637e-05,1.0,-37.00469684822181,-37.00469684336878,1.0
6.882299897975592e-05,1.0,-89.02651491886232,-89.02651491893872,0.9999974893428676
5.970506872781144e-05,1.0,-79.18594074402598,-79.18594074813998,0.9999949995358572
4.685307328501897e-05,1.0,-57.53961156888773,-57.53961158705006,1.0
3.393805775804051e-05,1.0,-54.95904585623249,-54.959045856063604,1.0
5.6178357831185564e-05,1.0,-75.86093298946523,-75.86093300750866,1.0
4.557204222795981e-05,1.0,-58.989288855205665,-58.989288855421506,0.9999999999999999
4.753086782270431e-05,1.0,-78.26091992375618,-78.26091992385741,0.9999999998113864
4.801441667429599e-05,1.0,-108.96916011048884,-108.96916012325254,0.9999999999997814
4.6903500979654376e-05,1.0,-53.58587086527065,-53.585870883112264,1.0
4.521138171958282e-05,1.0,-66.01392540135183,-66.01392542550002,0.9999999999999944
4.617887684901742e-05,1.0,-62.5281348099851,-62.52813483102095,0.9999983870297107
2.3105184354292974e-05,1.0,-50.60913239319119,-50.60913238787958,0.9999999858117897
3.38882424771993e-05,1.0,-77.26212230311468,-77.26212230467357,1.0
6.802148524342459e-05,1.0,-87.2065307166143,-87.20653071676746,1.0
7.883115517907557e-05,1.0,-101.6875286409714,-101.68752865307125,1.0
5.613203658544667e-05,1.0,-70.24005545486686,-70.24005545488056,1.0
1.1835197496491625e-05,1.0,-81.93561835270097,-81.93561835837363,1.0
5.856973041465996e-05,1.0,-89.67664987242,-89.67664988889474,0.9999999982963296
5.301938586058105e-05,1.0,-82.17856410829107,-82.17856410724953,0.9987099263015079
6.911506148175306e-05,1.0,-119.06826901601201,-119.06826901620624,1.0
7.947409891597093e-05,1.0,-102.11713531782098,-102.11713532771554,0.9999999999999998
5.6122593173379877e-05,1.0,-63.21450724522592,-63.214507244894214,0.9999999999999944
3.526663056081213e-05,1.0,-81.97374529052077,-81.97374529181957,1.0
2.275605529548564e-05,1.0,-81.62464174413303,-81.62464173637059,1.0
2.3667985699025317e-05,0.9999950596289909,-60.43305046963608,-60.437366730599834,0.9726795379464032
0.00010643328848086737,1.0,-145.78638204675065,-145.78638204676383,1.0
3.424717401042978e-05,1.0,-54.85002950511641,-54.85002950673525,1.0
6.807306734507531e-05,1.0,-83.18007136074037,-83.18007136085804,0.999806718167678
4.5579357879141725e-05,1.0,-106.22154626059357,-106.22154626185892,1.0
3.376741055539614e-05,1.0,-67.8614662848019,-67.86146628642916,1.0
3.44621354437454e-05,1.0,-61.15998192840246,-61.15998192997726,0.9999999999999999
9.383521405616053e-05,1.0,-122.02879587765324,-122.02879587772071,0.9999999999999986
4.7534534382553815e-05,1.0,-70.79150255581389,-70.79150256887577,0.9999996864435388
3.428188470323285e-05,1.0,-74.0328672055638,-74.0328672071253,1.0
8.221040911543957e-05,1.0,-112.49142350810423,-112.49142350820748,1.0
1.1956722970349537e-05,1.0,-39.0689506805517,-39.06895068619403,0.9999999979435081
2.2692212428408776e-05,1.0,-37.5996732529643,-37.59967324475278,0.99976563213148
3.44874602036192e-05,1.0,-86.61765731284756,-86.61765731428721,1.0
1e-08,1.0,-37.362438626180094,-37.362438626180094,1.0
4.500866997462925e-05,1.0,-69.96050167088549,-69.96050169487229,1.0
2.4516162102669812e-05,1.0,-59.828314639690475,-59.82831463601607,0.9999999824272586
8.355146782463072e-05,1.0,-122.73973032750123,-122.7397303284395,0.9999999999993942
8.283042256613102e-05,1.0,-131.57575404993798,-131.5757540491492,1.0
4.7855535697287014e-05,0.999968413574398,-106.68324148030749,-107.8518450554311,0.9818168588337344
6.738553230914234e-05,1.0,-84.09724774299451,-84.09724774314813,1.0
6.920066247177048e-05,1.0,-87.72132945957455,-87.72132947356526,0.9999633739855163
8.97518184615616e-05,1.0,-113.29452024995621,-113.29452025116116,1.0
2.3056642152593e-05,1.0,-54.32151185821805,-54.32151185273527,0.9999999710697266
1.166581726277845e-05,1.0,-46.13335643352595,-46.13335643917632,1.0
5.676056974907064e-05,0.999954385299497,-92.35752320316453,-104.11625586962683,0.9182248716480129
0.0001120252715424713,1.0,-109.72958252095486,-109.72958252097716,0.9999999999527346
2.2770057645190268e-05,1.0,-48.37181895351418,-48.37181894585598,0.9999999941778985
2.604355996032116e-05,1.0,-55.4558017871815,-55.45580179487659,0.999989738508468
4.599036146887539e-05,1.0,-63.328859893568854,-63.32885991525153,0.9999964354198987
2.3218572059038523e-05,1.0,-70.66722376503756,-70.66722376055895,0.9999999999999932
4.755156979034887e-05,1.0,-79.36709454201979,-79.36709455681597,1.0
5.669772164475343e-05,1.0,-92.12043771799587,-92.1204377368746,1.0
3.4599046185919684e-05,1.0,-55.53264082836472,-55.53264082989425,0.9999460791457437
3.882984620070123e-05,1.0,-87.40766985824405,-87.40766985902047,0.99999999998448
8.379178776778012e-05,1.0,-167.55198135257734,-167.55198135367263,1.0
1.178498260292097e-05,1.0,-36.85851368729637,-36.858513692990755,1.0
2.2468044625665853e-05,1.0,-43.34022071760897,-43.340220707213824,1.0
5.692026444071635e-05,1.0,-69.20996876576632,-69.20996878480759,0.9999997967030149
3.4456590455122957e-05,1.0,-69.16664671189648,-69.16664671341383,0.9999999989692838
5.766338154294242e-05,1.0,-86.33573745778449,-86.3357374577534,0.9999953636953794
1.1521056160153566e-05,1.0,-52.809514427483776,-52.809514433094215,0.9999999999940337
6.922200841511163e-05,1.0,-83.83625703444793,-83.83625703460758,0.9867215189498213
6.659740151496558e-05,1.0,-93.80274325129916,-93.80274325143573,0.9999999969190267
2.3371548864424363e-05,1.0,-35.021094648313394,-35.02109464448637,0.9999999999999116
2.3934776695299823e-05,1.0,-60.58303079486095,-60.5830307961538,1.0
3.4816992706681235e-05,1.0,-63.80280904521473,-63.80280904656085,0.9999876912817562
2.2997157948716816e-05,1.0,-49.007056983714804,-49.007056977801795,1.0
5.6278612921710075e-05,1.0,-76.42158495780322,-76.42158497606012,0.9999999986548592
7.910116844695848e-05,1.0,-69.58281726895935,-69.58281727860094,0.9999999999999487
7.20485286780234e-05,1.0,-139.0429118373062,-139.04291183794274,1.0
2.2987340876254027e-05,1.0,-55.00743804917459,-55.007438043255355,1.0
9.321748624472137e-05,1.0,-114.30822320158175,-114.30822320170799,0.9999999999999784
2.3318664185757753e-05,1.0,-56.02890809510206,-56.02890809105169,1.0
4.567592483588566e-05,1.0,-74.44665604241041,-74.44665606543745,0.9999990202287738
8.290490366964173e-05,1.0,-115.59302491197445,-115.59302491400379,1.0
1.2498225741851337e-05,1.0,-52.65263156679402,-52.652631517841066,0.9999999999670609
4.8936548333409095e-05,1.0,-74.03266494283037,-74.03266495100785,0.998058813470523
3.4881489279435964e-05,1.0,-55.664490923372625,-55.664490924853204,1.0
5.6996814563055144e-05,1.0,-76.9439060791507,-76.94390609829007,0.9999997479379634
1e-08,1.0,-59.80338377045851,-59.80338377045851,1.0
6.738767345470415e-05,1.0,-79.78434889286984,-79.78434889288039,1.0
5.6753005126366484e-05,1.0,-78.29508945910426,-78.2950894780324,0.9999994158321858
4.4878739342540145e-05,1.0,-49.63988256711354,-49.639882590578175,0.9999999999980888
3.4659811131631956e-05,1.0,-54.078245373082865,-54.0782453746613,0.996202882770406
4.558895412655764e-05,1.0,-62.97309132039992,-62.973091363687416,0.9999973578646397
2.2794691397032568e-05,1.0,-46.52631271900427,-46.52631271156028,0.9999999990304181
2.4953775783038663e-05,1.0,-59.50360312379463,-59.503603127069105,0.9999996632537297
3.873036604083074e-05,1.0,-77.6165187174853,-77.61651871815067,0.9999999941364434
4.6037548211158835e-05,1.0,-89.35737367546702,-89.35737369741732,1.0
4.593253232866255e-05,1.0,-86.04733559510228,-86.04733561737469,1.0
1.1362845880873693e-05,1.0,-25.879930938906135,-25.879931035229102,1.0
5.277805039702071e-05,1.0,-114.4267978617527,-114.42679786183815,0.9999999999979212
8.989697026244517e-05,1.0,-107.30533772273816,-107.30533772363636,1.0
5.67626231192904e-05,1.0,-81.66464233307151,-81.66464235203998,1.0
2.406482021028053e-05,1.0,-57.76221863017416,-57.76221858865031,1.0
4.6386208162073387e-05,1.0,-100.55566217117051,-100.55566219141534,1.0
5.631052474576602e-05,1.0,-102.42770721968228,-102.4277072381577,1.0
4.736287799398515e-05,1.0,-64.75470853976077,-64.75470855510122,0.9999798320333916
6.956601516406525e-05,1.0,-141.91985282112742,-141.91985282144384,1.0
0.00010302120228823948,1.0,-123.09895615092061,-123.09895615086977,1.0
4.557328215637938e-05,1.0,-91.37183807139732,-91.37183811498865,1.0
5.787865286906514e-05,1.0,-59.09828024741322,-59.098280247435305,1.0
2.2709620172435713e-05,1.0,-30.535835197090208,-30.535835188965617,0.9907010279318006
5.766105100730948e-05,1.0,-91.78695248313396,-91.78695250189183,0.9999999676681828
5.9738685923855586e-05,1.0,-85.48203102595923,-85.4820310292319,0.9999999961061313
6.817951338935125e-05,1.0,-120.86806269974038,-120.86806269976046,0.9999999999975452
3.406595780417422e-05,1.0,-63.690846862597375,-63.69084686418747,0.9999999999999999
2.723439034267623e-05,1.0,-63.816357115872016,-63.816357119658754,0.9999999999463235
6.798946501380776e-05,1.0,-99.4505730649763,-99.45057306508971,1.0
8.205529932125024e-05,1.0,-93.81508502206775,-93.81508502230193,0.9999430750999583
4.4898309276928255e-05,1.0,-61.183056259073815,-61.183056282638326,1.0
6.19194093260209e-05,1.0,-83.16810789115615,-83.16810789196118,0.9999912713138417
5.63265802949116e-05,1.0,-70.63648086233668,-70.63648088024348,1.0
3.402160044096669e-05,1.0,-63.55910596403951,-63.5591059639178,1.0
7.042246909472931e-05,1.0,-83.89515213694793,-83.89515213724712,0.9999999999999999
2.3590830523327932e-05,1.0,-36.201830742386484,-36.20183074239998,0.9999189722877547
1e-08,1.0,-18.448132584349167,-18.448132584349167,1.0
4.5151402052836196e-05,1.0,-65.30431426461888,-65.30431428874975,1.0
3.70279210061941e-05,0.999965319077153,-122.34030958866666,-122.87500639687073,0.9639505532600048
4.481405895355358e-05,1.0,-55.12309573978916,-55.123095762930895,1.0
5.8205226712208606e-05,1.0,-125.51189863612244,-125.51189865414842,1.0
2.3195833097811983e-05,1.0,-48.12532496377851,-48.12532495929721,0.9999999951922819
4.7100541792665405e-05,1.0,-68.32813957318373,-68.32813958969925,1.0
3.375590023117306e-05,1.0,-74.40933695916816,-74.40933696077323,1.0
8.132785643268249e-05,1.0,-103.99663247342072,-103.99663248481602,0.9999999963325606
3.4945292556822096e-05,1.0,-51.483182752502614,-51.4831827524176,1.0
1.1297566261966723e-05,1.0,-35.86750505894187,-35.86750515646945,0.9999999999599376
4.228320118277713e-05,0.9999885735344562,-70.57854398923259,-70.62588654874187,0.9758050092463367
6.733565203256229e-05,1.0,-73.74555107929845,-73.74555107951666,1.0
6.006624609790347e-05,1.0,-103.37990516512966,-103.37990516513143,1.0
1.2471201944078193e-05,1.0,-58.82405691208309,-58.824056857161594,0.9999999995057158
1.1808064516950413e-05,1.0,-54.15222311288425,-54.15222311857743,1.0
7.377643008797151e-05,1.0,-342.2297263333546,-342.2297263333172,1.0
6.645731436898698e-05,1.0,-93.56305911234183,-93.56305911236882,0.9999792108127594
3.466326292804856e-05,1.0,-59.24149640695861,-59.24149640845749,1.0
3.7726278528737615e-05,1.0,-94.0634321433051,-94.06343214556793,0.9999999966607375
4.489869917229297e-05,1.0,-54.71167675536808,-54.71167677889816,0.999986288687726
8.254691865217606e-05,1.0,-119.68051095795369,-119.68051096045251,1.0
4.495640479711286e-05,1.0,-57.30261037910731,-57.302610402848,1.0
4.798910340305834e-05,1.0,-85.3823957583712,-85.38239577111885,1.0
7.215869527429968e-05,0.9999271238305119,-123.43784297064025,-131.83547912810977,0.8493462588368519
2.2660010850728166e-05,1.0,-42.59447552315981,-42.59447551463592,0.9999353267324342
3.384636884443462e-05,1.0,-47.30246427584501,-47.30246427741225,0.996941696940064
3.443893332376171e-05,1.0,-42.822486372242096,-42.82248637375658,0.9999999999999022
4.1045201312490255e-05,1.0,-79.6732486544878,-79.673248673685,0.9999999396417575
2.3431080185857662e-05,1.0,-60.71090261135175,-60.71090261144323,0.9999999999575239
5.6717671873438937e-05,1.0,-77.9158839847585,-77.91588400363393,0.9999952852477915
4.510450052848234e-05,1.0,-61.983452089038956,-61.98345211315503,0.9999991059891051
7.937588847716289e-05,1.0,-104.13678526096733,-104.13678527128302,1.0
4.4939405032266845e-05,1.0,-54.37906443738992,-54.37906446107307,1.0
7.89584911765302e-05,1.0,-90.22159869062976,-90.22159870242338,0.9999999999999996
6.856044570553159e-05,1.0,-92.74812912979523,-92.74812912991943,1.0
3.4393550111434007e-05,1.0,-78.5204482839481,-78.52044828550326,1.0
8.078837665458873e-05,0.9999621625681749,-105.90346308231406,-109.758354182991,0.9600664274149967
4.8463067103027636e-05,1.0,-63.55789555185403,-63.55789555209245,0.9999999999999999
6.785795420942728e-05,1.0,-124.08350132687409,-124.08350132697596,1.0
8.170392659873031e-05,1.0,-108.82597127097245,-108.8259712747136,1.0
4.5062331811791174e-05,1.0,-56.93529998431266,-56.935300008432236,0.9999999999999999
5.7206806963784945e-05,1.0,-101.2149816084038,-101.21498162752407,1.0
3.366996787189847e-05,0.9999496655658631,-45.09997318781824,-47.25146085122175,0.7518625345700407
9.021152111527754e-05,1.0,-108.4700101280092,-108.47001012840981,0.9999999988258347
7.274326236420526e-05,1.0,-95.80011349584946,-95.80011349586012,0.999999999999924
8.394945089440988e-05,1.0,-135.38963571940022,-135.38963572030232,1.0
5.9049941486320034e-05,1.0,-101.66534153188351,-101.66534154599566,1.0
4.2559924855446015e-05,1.0,-88.02417298444283,-88.02417300342505,0.9996132129383657
2.2747909583770636e-05,1.0,-63.962475752949295,-63.96247574513182,1.0
6.741645448398044e-05,1.0,-82.9250176676077,-82.92501766781928,1.0
3.409061366588264e-05,1.0,-42.90430639407214,-42.9043063939076,0.9999999999999999
