est_e,est_s,log_likelihood,log_likelihood_null
1e-08,1.0,-42.09325152655873,-42.09325152655873
1.1656551977026847e-05,1.0,-43.29632757698309,-43.29632757687652
1e-08,1.0,-50.904917197976864,-50.904917197976864
1e-08,1.0,-30.585052648989095,-30.585052648989095
1e-08,1.0,-32.92652672611719,-32.92652672611719
3.132113341163747e-05,0.9999899661158946,-50.124591388704374,-50.14792109129965
1.1270825709473388e-05,1.0,-25.734047602308888,-25.734047601761915
1.3489581215458246e-05,1.0,-73.45439129181861,-73.45439124325247
1e-08,1.0,-28.232487226648033,-28.232487226648033
1.186601051145902e-05,1.0,-44.74911019717567,-44.74911020284617
1.1404203604246387e-05,1.0,-38.48949632174971,-38.48949641735536
1e-08,1.0,-42.38894816691219,-42.38894816691219
1e-08,1.0,-35.87840301947839,-35.87840301947839
1e-08,1.0,-75.20434514235873,-75.20434514235873
1e-08,1.0,-40.24260549339612,-40.24260549339612
1.8458989395863518e-05,1.0,-90.25314621572882,-90.2531461955541
1.138617683301364e-05,1.0,-32.271708747564425,-32.271708843496924
1e-08,1.0,-20.44810894728913,-20.44810894728913
1e-08,1.0,-71.08662518621547,-71.08662518621547
1e-08,1.0,-24.032391466738865,-24.032391466738865
1e-08,1.0,-22.755826759457346,-22.755826759457346
1.3247672953211277e-05,1.0,-50.511104589044656,-50.51110458957678
1e-08,1.0,-28.726079778765676,-28.726079778765676
1e-08,1.0,-35.99258892143661,-35.99258892143661
1e-08,1.0,-19.3499615997895,-19.3499615997895
5.691325034734426e-05,1.0,-79.40709336597963,-79.40709335547331
1e-08,1.0,-23.387358827947274,-23.387358827947274
1e-08,1.0,-31.239674298656233,-31.239674298656233
1e-08,1.0,-21.021882811963707,-21.021882811963707
1e-08,1.0,-24.133662821588995,-24.133662821588995
1e-08,1.0,-56.714615811295836,-56.714615811295836
4.225080909384724e-07,1.0,-64.6680421127958,-64.6680782490651
1.6272103020749178e-05,1.0,-70.19960121551907,-70.19960122178298
1e-08,1.0,-32.17544065860295,-32.17544065860295
1e-08,1.0,-4.605604278062933,-4.605604278062933
1.8229134883052343e-05,1.0,-72.3752008785986,-72.37520086576693
1e-08,1.0,-33.237991423280555,-33.237991423280555
1e-08,1.0,-36.86801114831664,-36.86801114831664
1e-08,0.9999920163690095,-75.23527847558785,-75.2542211213884
1e-08,1.0,-31.733846338299497,-31.733846338299497
1e-08,1.0,-51.04980408245246,-51.04980408245246
1e-08,1.0,-29.356308320372104,-29.356308320372104
1.3741355988765336e-05,1.0,-56.81708897857084,-56.81708892809891
1e-08,1.0,-36.238949792427164,-36.238949792427164
1e-08,1.0,-29.010612249862337,-29.010612249862337
1e-08,1.0,-47.861547725292375,-47.861547725292375
1e-08,1.0,-41.361534381031376,-41.361534381031376
4.7625629645023625e-05,1.0,-112.24734895430521,-112.24734895434814
1e-08,1.0,-36.532554452587114,-36.532554452587114
1e-08,1.0,-47.07577983928129,-47.07577983928129
1e-08,1.0,-49.42132590203436,-49.42132590203436
1e-08,1.0,-18.258443509506932,-18.258443509506932
1.2323308451414682e-05,1.0,-65.40369794294163,-65.40369786651097
1e-08,1.0,-58.85975468068426,-58.85975468068426
1e-08,1.0,-60.23000346644553,-60.23000346644553
1e-08,1.0,-32.295933694284436,-32.295933694284436
1e-08,1.0,-10.924573364886642,-10.924573364886642
1e-08,1.0,-39.879906996770565,-39.879906996770565
1e-08,0.9995328133571566,-52.3465212721998,-56.37097316874991
1.755267912119695e-05,1.0,-38.39221139211324,-38.392211388868546
1e-08,1.0,-23.164499293171545,-23.164499293171545
1e-08,1.0,-40.64174092735611,-40.64174092735611
1e-08,1.0,-48.44341816442197,-48.44341816442197
1e-08,0.9999775668872835,-68.98060832362228,-69.27514638538524
3.702048177431432e-05,1.0,-60.58989344276918,-60.58989347151888
1.1530716140582932e-05,1.0,-28.794795019047964,-28.7947950246555
1e-08,1.0,-16.657925266173123,-16.657925266173123
1.3785696812510806e-05,1.0,-20.265244899461845,-20.26524488075284
1e-08,1.0,-62.02984542471866,-62.02984542471866
1e-08,1.0,-41.1142836958068,-41.1142836958068
1e-08,1.0,-15.152757734827494,-15.152757734827494
1.1296754928344948e-05,1.0,-67.91979631216155,-67.91979640972953
1.1202661835452317e-05,1.0,-20.470777205777583,-20.470777304952698
1e-08,1.0,-31.370531274367416,-31.370531274367416
1e-08,1.0,-45.59537801458883,-45.59537801458883
1.1898389827693335e-05,1.0,-34.73803273344874,-34.738032644872824
1e-08,1.0,-65.70247146835668,-65.70247146835668
1e-08,1.0,-33.9114586295358,-33.9114586295358
1.1272010423704902e-05,1.0,-21.60529354497155,-21.605293642910087
1e-08,1.0,-44.7515992596165,-44.7515992596165
4.655937785204562e-05,1.0,-88.48388990171225,-88.48388990659235
1e-08,1.0,-14.819388133033119,-14.819388133033119
1e-08,1.0,-32.331753486611106,-32.331753486611106
2.368919270953365e-05,1.0,-81.71506798267936,-81.71506801320928
1e-08,1.0,-28.758640794421865,-28.758640794421865
1e-08,1.0,-30.344729578760457,-30.344729578760457
1.051402347248497e-05,1.0,-59.72122020717354,-59.7212201752569
1e-08,1.0,-48.29542524603607,-48.29542524603607
1e-08,1.0,-30.510641466416818,-30.510641466416818
1e-08,1.0,-93.40368755308987,-93.40368755308987
1e-08,1.0,-29.57050140073452,-29.57050140073452
1e-08,1.0,-23.981760342723938,-23.981760342723938
1.4959413516167021e-05,1.0,-103.63164605218216,-103.6316461007359
1e-08,1.0,-44.80736557211578,-44.80736557211578
1e-08,1.0,-20.72982125249667,-20.72982125249667
1e-08,1.0,-39.94697830812962,-39.94697830812962
1e-08,1.0,-13.569278441739437,-13.569278441739437
1e-08,1.0,-6.542194627260292,-6.542194627260292
1.891869434589482e-05,1.0,-59.062170048502544,-59.062170048247864
1e-08,1.0,-37.90065602428793,-37.90065602428793
1e-08,1.0,-17.95039481652927,-17.95039481652927
2.2412880344898808e-05,1.0,-32.96613372453997,-32.96613371360385
1.7492574906481204e-05,1.0,-50.443236556749305,-50.44323655133403
1e-08,1.0,-25.788171430883637,-25.788171430883637
1e-08,1.0,-5.126805439280841,-5.126805439280841
1.4559793556986938e-05,1.0,-64.24074882931735,-64.24074889006216
1.57256336305955e-05,1.0,-44.85818141562245,-44.85818142369842
1e-08,1.0,-74.74098031278523,-74.74098031278523
1e-08,1.0,-31.36862545162539,-31.36862545162539
1e-08,1.0,-36.33679676705692,-36.33679676705692
1e-08,1.0,-46.28828074211289,-46.28828074211289
2.2392275603095076e-05,1.0,-28.558487198139257,-28.558487186885138
1e-08,1.0,-34.01786173425709,-34.01786173425709
1e-08,1.0,-67.06515690837782,-67.06515690837782
1e-08,1.0,-55.62379967488299,-55.62379967488299
1.3677641811262924e-05,1.0,-49.41561526827253,-49.41561527299873
1e-08,1.0,-67.29582885084983,-67.29582885084983
1e-08,1.0,-8.876993754335007,-8.876993754335007
1e-08,1.0,-37.253434590792516,-37.253434590792516
1.0889447472177124e-05,1.0,-72.83949529277525,-72.83949528040789
1.433098647999199e-05,1.0,-83.8345339035443,-83.83453391950563
1e-08,1.0,-24.504334705935346,-24.504334705935346
1e-08,1.0,-27.155089753102775,-27.155089753102775
1e-08,1.0,-40.07826575981705,-40.07826575981705
1e-08,1.0,-44.457901556868485,-44.457901556868485
1e-08,1.0,-11.299733928646994,-11.299733928646994
1e-08,1.0,-27.177938225749003,-27.177938225749003
1e-08,1.0,-18.66668894249202,-18.66668894249202
1e-08,1.0,-54.59418871928656,-54.59418871928656
1.1225505480562716e-05,1.0,-54.02935394976165,-54.02935404853649
1e-08,1.0,-36.06434453197656,-36.06434453197656
1.1524670933689793e-05,1.0,-30.780261323575367,-30.780261329174053
1e-08,1.0,-27.549032683640313,-27.549032683640313
1e-08,1.0,-66.18457433176341,-66.18457433176341
1e-08,1.0,-47.1357757779453,-47.1357757779453
1e-08,1.0,-46.781246552994894,-46.781246552994894
1e-08,1.0,-21.677110979247022,-21.677110979247022
1e-08,1.0,-72.93719540847556,-72.93719540847556
1e-08,1.0,-27.153096475489775,-27.153096475489775
1e-08,1.0,-43.73727793490136,-43.73727793490136
1e-08,1.0,-20.00715710758003,-20.00715710758003
1e-08,1.0,-54.50838636392586,-54.50838636392586
1.202628415632427e-05,1.0,-46.295778407735554,-46.29577832849383
1e-08,1.0,-80.30086894635596,-80.30086894635596
1.2386820481955492e-05,1.0,-109.19698790612496,-109.19698783044471
2.1857184292975355e-05,1.0,-92.70939543506364,-92.70939543514447
1e-08,1.0,-16.967863465720008,-16.967863465720008
1e-08,1.0,-35.873197781457336,-35.873197781457336
1e-08,1.0,-54.668315965683384,-54.668315965683384
1e-08,1.0,-11.557860297253828,-11.557860297253828
1.253691911717377e-05,1.0,-42.12729975125289,-42.12729973678093
1e-08,1.0,-27.642572997975172,-27.642572997975172
1e-08,1.0,-9.783427103964911,-9.783427103964911
1e-08,1.0,-62.20693740746624,-62.20693740746624
1e-08,1.0,-28.48873427215831,-28.48873427215831
1e-08,1.0,-33.85830516951634,-33.85830516951634
1e-08,1.0,-9.555612028130959,-9.555612028130959
1e-08,1.0,-30.743681300399203,-30.743681300399203
1.1198842751716648e-05,1.0,-23.02074495278194,-23.020745052034737
1.122221977468517e-05,1.0,-47.99521290280721,-47.99521300157545
1e-08,1.0,-53.7893169554751,-53.7893169554751
1e-08,1.0,-40.728657702922355,-40.728657702922355
1e-08,1.0,-19.888499254254114,-19.888499254254114
1e-08,0.9999567744738888,-17.37234829623286,-18.941022229880225
1e-08,1.0,-78.95074984665719,-78.95074984665719
1.1415658634960983e-05,1.0,-43.845619985802564,-43.84561998549577
1e-08,1.0,-18.950551980523212,-18.950551980523212
1e-08,1.0,-24.712716164957744,-24.712716164957744
1.4318864585932183e-05,1.0,-64.31253258724907,-64.31253265680434
1e-08,1.0,-26.340414958884164,-26.340414958884164
1e-08,1.0,-11.229280451296898,-11.229280451296898
1e-08,1.0,-7.796012636872789,-7.796012636872789
1e-08,1.0,-41.15346064491895,-41.15346064491895
1e-08,1.0,-42.75426658276148,-42.75426658276148
1e-08,0.9999078624492644,-19.632096947546874,-25.691365275411577
1e-08,1.0,-75.29988044294764,-75.29988044294764
1.1129908765322282e-06,1.0,-64.90943047323097,-64.90912142604908
1.5620202340247106e-05,1.0,-49.246066713064884,-49.246066722592566
1e-08,1.0,-26.52620395275334,-26.52620395275334
1e-08,1.0,-37.39568370407356,-37.39568370407356
2.8878284300749945e-05,1.0,-96.72463910712844,-96.72463910189119
1.7552869949765556e-05,1.0,-71.82192173179361,-71.8219217316083
2.3256196514933177e-05,1.0,-51.20132563357183,-51.201325629482405
3.686409698162852e-05,0.9999522038980325,-88.95439391617641,-101.86467343310478
1e-08,1.0,-25.494662147847517,-25.494662147847517
1e-08,1.0,-33.64071384025138,-33.64071384025138
1e-08,1.0,-28.274141259914387,-28.274141259914387
1e-08,1.0,-46.687449099120485,-46.687449099120485
1e-08,1.0,-39.41494208168745,-39.41494208168745
1.162577849470748e-05,0.9986212616006098,-51.27389259364609,-55.983729666468186
1e-08,1.0,-45.59595241965847,-45.59595241965847
1.6152011479592403e-06,1.0,-51.811339271189645,-51.81027172655917
2.2450197436065886e-05,1.0,-32.56989603762613,-32.56989602698999
1.8332096848182645e-05,1.0,-74.66108569988728,-74.6610856976224
2.418840697172993e-05,1.0,-76.46578754457805,-76.46578750090464
1.1213072619220486e-05,1.0,-32.96488959706156,-32.96488969604468
1e-08,1.0,-20.72982125249667,-20.72982125249667
1.14283937327625e-05,1.0,-48.01924796779476,-48.01924806297873
1e-08,1.0,-58.40523570104599,-58.40523570104599
1e-08,1.0,-13.470360693814209,-13.470360693814209
1e-08,1.0,-38.531682586231646,-38.531682586231646
1e-08,1.0,-27.19974227410195,-27.19974227410195
4.575007925020209e-05,1.0,-69.9194010717417,-69.91940107173274
1e-08,0.9998766410460084,-34.93229000057233,-36.190547414004385
1e-08,1.0,-33.52777109654252,-33.52777109654252
1.2604247855217471e-05,1.0,-49.753316918107316,-49.75331689465484
1.3475239670951917e-05,0.9999671432756868,-50.772028170672115,-51.550042645518886
1.1515024149181016e-05,1.0,-42.60932371123903,-42.609323710905
1.1407237883177208e-05,1.0,-26.893291280145313,-26.89329137568376
1e-08,0.9999635389113639,-63.77009248345936,-65.5260823993478
1.7436868879351325e-05,1.0,-60.71236533635462,-60.71236533611684
1e-08,1.0,-48.455428717341434,-48.455428717341434
1e-08,1.0,-47.79724396068053,-47.79724396068053
1e-08,1.0,-42.88536048598627,-42.88536048598627
1e-08,1.0,-20.568499007883137,-20.568499007883137
1e-08,1.0,-37.41312259203596,-37.41312259203596
1e-08,1.0,-73.77694287787558,-73.77694287787558
1e-08,1.0,-5.146125818243073,-5.146125818243073
1e-08,1.0,-48.94991658515916,-48.94991658515916
1.1345864363037963e-05,1.0,-29.91800413526029,-29.91800423190689
1e-08,1.0,-47.054210059918134,-47.054210059918134
1e-08,1.0,-38.01704245473415,-38.01704245473415
1e-08,1.0,-20.321117009691953,-20.321117009691953
1e-08,1.0,-44.639469413274355,-44.639469413274355
2.2420895901928448e-05,1.0,-43.12835520751146,-43.12835519654237
1e-08,1.0,-42.78823089904653,-42.78823089904653
2.236254793450516e-05,1.0,-29.80166061309327,-29.801660601382004
1e-08,1.0,-29.914262245754276,-29.914262245754276
1e-08,1.0,-20.91902964487193,-20.91902964487193
1.1199356878218745e-05,1.0,-19.88147811574239,-19.881478214976525
1e-08,1.0,-16.203695171656463,-16.203695171656463
1e-08,1.0,-52.011295322158695,-52.011295322158695
1e-08,1.0,-57.04016020938135,-57.04016020938135
1e-08,1.0,-63.62270124045561,-63.62270124045561
1e-08,1.0,-21.127506884314947,-21.127506884314947
1e-08,1.0,-54.536071312862745,-54.536071312862745
1e-08,1.0,-37.45623214102172,-37.45623214102172
1e-08,1.0,-19.087792823773036,-19.087792823773036
1e-08,1.0,-32.362843087771324,-32.362843087771324
1e-08,0.5617999742225106,-45.27780494849216,-43.92219698379855
1e-08,1.0,-73.93574405424599,-73.93574405424599
1e-08,1.0,-43.545044247867466,-43.545044247867466
2.028484580259824e-05,1.0,-56.63750948116846,-56.63750944712222
1e-08,1.0,-27.15168753193147,-27.15168753193147
1e-08,1.0,-97.06472491397336,-97.06472491397336
1e-08,1.0,-32.29944868651642,-32.29944868651642
1e-08,1.0,-34.382049591020206,-34.382049591020206
1e-08,0.9999886373963975,-28.51205741112573,-28.54016086477646
2.273841290592641e-05,1.0,-86.58632093991501,-86.58632093199982
1e-08,1.0,-18.645918802504152,-18.645918802504152
1e-08,1.0,-20.52904604627152,-20.52904604627152
1e-08,1.0,-34.46227917002635,-34.46227917002635
1e-08,1.0,-47.93507390727082,-47.93507390727082
1e-08,1.0,-28.8417644742335,-28.8417644742335
1e-08,1.0,-59.197646592553504,-59.197646592553504
1e-08,1.0,-42.77602688758095,-42.77602688758095
1.1200243919339245e-05,1.0,-33.73740290401783,-33.73740300318276
1.1226628888880016e-05,1.0,-22.295285994873744,-22.295285994437812
1e-08,1.0,-58.46655236269944,-58.46655236269944
1e-08,1.0,-34.34342939732255,-34.34342939732255
1e-08,1.0,-50.442610442622474,-50.442610442622474
1e-08,1.0,-57.683448164898564,-57.683448164898564
1e-08,1.0,-5.117264406876289,-5.117264406876289
1e-08,1.0,-52.23239533407656,-52.23239533407656
3.7307990732495263e-05,0.9999363509954848,-66.25429990161958,-66.51405815984643
1e-08,1.0,-15.522156937574918,-15.522156937574918
1.1400437357618326e-05,1.0,-26.544951550036124,-26.544951645718474
1.2043054305941715e-05,1.0,-44.828446067523345,-44.82844599309022
1e-08,1.0,-28.437186771845404,-28.437186771845404
1.148909495542166e-05,1.0,-32.15896325072056,-32.15896325630828
1e-08,1.0,-24.83497751841087,-24.83497751841087
1e-08,1.0,-13.479792308821038,-13.479792308821038
1e-08,1.0,-73.38530099379452,-73.38530099379452
1e-08,1.0,-40.21429948042948,-40.21429948042948
1e-08,1.0,-5.210666048714153,-5.210666048714153
1e-08,1.0,-4.691584663437117,-4.691584663437117
1e-08,1.0,-5.146125818243073,-5.146125818243073
1.1257773105856428e-05,1.0,-25.660078367967134,-25.660078466174088
2.2561283107219986e-05,1.0,-36.65418889010764,-36.65418888067636
1e-08,1.0,-26.80224569465543,-26.80224569465543
1e-08,1.0,-57.013520848301184,-57.013520848301184
1e-08,1.0,-22.05860931645439,-22.05860931645439
1e-08,0.9999555800482908,-30.837784605738506,-31.744254465123017
1e-08,1.0,-30.207575118743915,-30.207575118743915
1e-08,1.0,-40.70997511041929,-40.70997511041929
1e-08,1.0,-17.538301015282027,-17.538301015282027
6.883055947326342e-06,1.0,-74.435834756894,-74.4701487611848
1.17257233053397e-05,1.0,-46.915407147326135,-46.91540715298747
1e-08,1.0,-64.68645827749121,-64.68645827749121
1.1904262375324746e-05,1.0,-41.614843364904665,-41.6148433625133
1e-08,1.0,-25.689016526235918,-25.689016526235918
1e-08,0.9999919985783401,-75.37831158897552,-75.39724841688043
1e-08,1.0,-4.59950981635417,-4.59950981635417
1e-08,1.0,-26.007755384946876,-26.007755384946876
0.00016355065175910347,1.0,-205.41264256327412,-205.41264256944916
1.1198881549361753e-05,1.0,-21.125807868968163,-21.125807968208534
1e-08,1.0,-17.756877473727766,-17.756877473727766
1e-08,1.0,-38.83700171364479,-38.83700171364479
1e-08,1.0,-35.81542331870569,-35.81542331870569
1.9239869485341077e-05,1.0,-50.46671946680787,-50.4667194702383
1e-08,1.0,-54.248326257955185,-54.248326257955185
1e-08,1.0,-36.6387296100373,-36.6387296100373
1e-08,1.0,-51.64463907551032,-51.64463907551032
1e-08,1.0,-19.26081402147735,-19.26081402147735
1e-08,1.0,-51.40143009028972,-51.40143009028972
2.2740923569864167e-05,1.0,-42.66398825487003,-42.66398824695552
1e-08,1.0,-20.33296726040861,-20.33296726040861
1e-08,1.0,-53.371566488901706,-53.371566488901706
1e-08,1.0,-45.485208887172206,-45.485208887172206
1e-08,1.0,-37.19773922262947,-37.19773922262947
1e-08,1.0,-47.227569373773605,-47.227569373773605
1e-08,1.0,-58.204869435327566,-58.204869435327566
4.465936342894664e-05,0.9997679767912377,-122.3495844310907,-134.69170552661555
1e-08,1.0,-61.151696343902145,-61.151696343902145
1e-08,1.0,-49.507625144761654,-49.507625144761654
1e-08,1.0,-25.09478760987004,-25.09478760987004
1e-08,1.0,-26.044266102697737,-26.044266102697737
1e-08,1.0,-17.08906290132609,-17.08906290132609
1.3476715464466648e-05,1.0,-57.76093755530958,-57.76093751666814
1.179191706321173e-05,1.0,-48.534800472411064,-48.53480047812538
1e-08,1.0,-75.75990324978575,-75.75990324978575
1e-08,1.0,-24.559739037344354,-24.559739037344354
1e-08,1.0,-5.146125668243046,-5.146125668243046
3.637629301928067e-05,1.0,-111.16306899736851,-111.16306899730124
1e-08,1.0,-36.831592060429834,-36.831592060429834
1e-08,1.0,-41.09818159084855,-41.09818159084855
1e-08,1.0,-22.954213233232768,-22.954213233232768
1e-08,1.0,-21.389418642506325,-21.389418642506325
1e-08,1.0,-26.796908606767587,-26.796908606767587
1e-08,1.0,-44.254258117031355,-44.254258117031355
1e-08,1.0,-32.587751381890065,-32.587751381890065
3.7532140414815855e-05,1.0,-109.43464687806576,-109.43464688038138
1e-08,1.0,-52.07540623277416,-52.07540623277416
1e-08,1.0,-33.745864110357296,-33.745864110357296
1e-08,1.0,-50.11387252398173,-50.11387252398173
2.87594742183425e-05,0.9999768896446305,-97.47354375556911,-97.69731636112523
1e-08,1.0,-17.408904804859684,-17.408904804859684
1e-08,1.0,-41.04956972170031,-41.04956972170031
1.3501336351129826e-05,1.0,-61.42028147755347,-61.420281436152564
1e-08,1.0,-62.9469761045078,-62.9469761045078
1e-08,1.0,-47.602215519069006,-47.602215519069006
1e-08,1.0,-28.91617532014942,-28.91617532014942
1e-08,0.9999911414787961,-54.291508482240474,-54.31893462020731
1e-08,1.0,-32.939733802604046,-32.939733802604046
1e-08,1.0,-74.29080878658623,-74.29080878658623
3.5966465010382846e-06,1.0,-47.516136889834044,-47.51840401515488
1e-08,1.0,-38.84704016548425,-38.84704016548425
1.2474657931887046e-05,1.0,-60.391451739570506,-60.39145167257841
1e-08,1.0,-102.31784583190658,-102.31784583190658
1e-08,1.0,-37.876843785454035,-37.876843785454035
1e-08,1.0,-35.85575507159641,-35.85575507159641
1e-08,1.0,-40.62246455774352,-40.62246455774352
1.4002662934277451e-05,1.0,-75.15514729089432,-75.15514728889819
1e-08,1.0,-49.40241999547342,-49.40241999547342
2.810110891192571e-06,1.0,-48.91016138219845,-48.910914783843886
1e-08,1.0,-21.0524675190358,-21.0524675190358
1e-08,1.0,-68.65090317095655,-68.65090317095655
1e-08,1.0,-39.07660653863651,-39.07660653863651
1e-08,1.0,-34.49888733707696,-34.49888733707696
1e-08,1.0,-36.816802566188166,-36.816802566188166
1e-08,1.0,-35.19862572731859,-35.19862572731859
1e-08,1.0,-35.39060847674237,-35.39060847674237
1e-08,1.0,-64.13082779971226,-64.13082779971226
1e-08,1.0,-39.83604916748484,-39.83604916748484
4.4827411024480317e-05,1.0,-60.93815202841918,-60.938152051512276
2.791554844133091e-05,1.0,-76.76780201615246,-76.76780201711696
1e-08,1.0,-30.910765626403894,-30.910765626403894
1.1193889634907804e-05,1.0,-17.54495684889082,-17.54495684849669
1e-08,1.0,-29.84162318852493,-29.84162318852493
1e-08,1.0,-26.11135748031473,-26.11135748031473
1.1346728160008758e-05,1.0,-33.51755456802485,-33.5175546646575
1e-08,1.0,-29.998310419689552,-29.998310419689552
1.119761277237989e-05,1.0,-21.120335114763446,-21.120335114322597
1e-08,1.0,-36.41883169536203,-36.41883169536203
1e-08,1.0,-55.4636485907097,-55.4636485907097
3.561542540733129e-05,1.0,-60.66174256941906,-60.661742569410386
1e-08,1.0,-50.0032474897909,-50.0032474897909
1e-08,1.0,-21.63091082940072,-21.63091082940072
1e-08,1.0,-58.08354286157432,-58.08354286157432
1e-08,1.0,-52.10586380916367,-52.10586380916367
1e-08,1.0,-26.335470843285798,-26.335470843285798
1e-08,1.0,-50.64096549490631,-50.64096549490631
1e-08,1.0,-47.58582378861723,-47.58582378861723
1e-08,1.0,-47.24591400670252,-47.24591400670252
1e-08,1.0,-56.9386298826852,-56.9386298826852
1.2942537117910191e-05,0.9999577579697216,-48.307851761298444,-51.05328728534702
3.36902449625916e-05,1.0,-44.60444289673488,-44.604442898296725
1e-08,1.0,-31.868427234676698,-31.868427234676698
1e-08,0.9999177367808393,-37.51788307757443,-48.382957581520174
1e-08,1.0,-42.54124012993211,-42.54124012993211
1e-08,1.0,-21.6156562925205,-21.6156562925205
1e-08,1.0,-48.49526397041657,-48.49526397041657
1e-08,1.0,-57.42962468088637,-57.42962468088637
1e-08,1.0,-67.41187029904029,-67.41187029904029
1.2095014667716013e-05,1.0,-62.28589830231839,-62.285898222360515
1e-08,1.0,-20.745472827811493,-20.745472827811493
1.1199338340164058e-05,1.0,-19.88147811575458,-19.881478214980504
1e-08,1.0,-49.64985849656179,-49.64985849656179
1e-08,1.0,-33.489179125970765,-33.489179125970765
1.1299139336628601e-05,1.0,-35.363631640129235,-35.36363173757559
1e-08,1.0,-69.66027053904486,-69.66027053904486
1e-08,1.0,-20.98635715614683,-20.98635715614683
1e-08,1.0,-64.6110035736041,-64.6110035736041
1e-08,1.0,-46.18598424093005,-46.18598424093005
1e-08,1.0,-44.56762291388657,-44.56762291388657
1e-08,1.0,-19.722531075223095,-19.722531075223095
1e-08,1.0,-23.024131821448822,-23.024131821448822
1e-08,1.0,-28.069996037178097,-28.069996037178097
1e-08,1.0,-30.146061824760586,-30.146061824760586
2.5160368126780618e-05,1.0,-82.72108332507337,-82.72108331112204
1.4617171623204949e-05,1.0,-63.839493324147874,-63.83949332414071
1e-08,1.0,-54.21350239091254,-54.21350239091254
1.3124709773698705e-06,0.999964951424245,-83.46893426009764,-83.65155097746684
1e-08,1.0,-29.566474883517603,-29.566474883517603
1e-08,1.0,-60.130358828166955,-60.130358828166955
1e-08,1.0,-28.087887180520514,-28.087887180520514
1e-08,1.0,-64.55209759421003,-64.55209759421003
1e-08,1.0,-49.95637648610742,-49.95637648610742
1.3134945573717718e-05,0.9999648134789276,-41.72835782415872,-42.41562016774345
1e-08,1.0,-22.910136930628802,-22.910136930628802
3.750109225660646e-05,1.0,-76.69180059046514,-76.69180058329852
1e-08,1.0,-28.12940064024308,-28.12940064024308
1e-08,1.0,-21.1606712986702,-21.1606712986702
1e-08,1.0,-33.710663437842285,-33.710663437842285
1e-08,1.0,-55.558121469788944,-55.558121469788944
1e-08,1.0,-21.24254957955203,-21.24254957955203
1e-08,1.0,-26.82173063986381,-26.82173063986381
3.4919163285707135e-05,1.0,-77.59788459732673,-77.59788459714439
1e-08,1.0,-9.76027800362962,-9.76027800362962
1e-08,1.0,-34.88457877926133,-34.88457877926133
1e-08,1.0,-50.96112249890877,-50.96112249890877
1e-08,1.0,-32.75073877963394,-32.75073877963394
1e-08,1.0,-45.29082781486258,-45.29082781486258
1e-08,1.0,-71.61048428477883,-71.61048428477883
1e-08,1.0,-32.159005221782536,-32.159005221782536
5.4824561642424064e-08,1.0,-59.190461381525175,-59.190461349547334
1e-08,1.0,-28.425354493497238,-28.425354493497238
1e-08,1.0,-20.892422695009103,-20.892422695009103
1e-08,1.0,-37.3295872263205,-37.3295872263205
1e-08,1.0,-30.24760400274577,-30.24760400274577
1e-08,1.0,-30.091433168771328,-30.091433168771328
1.556009248516143e-05,1.0,-56.535037379189355,-56.53503739756743
1e-08,1.0,-57.647271452881725,-57.647271452881725
1e-08,1.0,-30.95089904763116,-30.95089904763116
1e-08,1.0,-47.15569381783927,-47.15569381783927
1e-08,1.0,-48.02226336378408,-48.02226336378408
1.1586714832534254e-05,1.0,-42.791977359161834,-42.79197735893613
1e-08,0.9999955779382187,-43.81662875479829,-43.81861631417573
8.019334073647735e-06,0.9999426530603194,-61.171108857347605,-67.93420653032261
1e-08,0.999773371184049,-80.32192752539197,-91.76513087438346
1e-08,1.0,-33.636851539646905,-33.636851539646905
1e-08,1.0,-16.471719667682628,-16.471719667682628
6.91998601248116e-05,1.0,-156.88113581826454,-156.88113581861796
1e-08,1.0,-6.387801766130954,-6.387801766130954
1e-08,1.0,-66.54352250404025,-66.54352250404025
1e-08,1.0,-37.5643790792755,-37.5643790792755
1.0612071441218448e-06,1.0,-47.313504195242004,-47.313213552340684
1e-08,1.0,-47.11775009456784,-47.11775009456784
1e-08,1.0,-17.650143192249143,-17.650143192249143
1e-08,1.0,-17.04659969320304,-17.04659969320304
1e-08,1.0,-19.102629974265543,-19.102629974265543
1e-08,1.0,-52.73735063239653,-52.73735063239653
1e-08,1.0,-40.40214075795231,-40.40214075795231
1.1613816016508099e-05,1.0,-42.490391137796415,-42.49039114343575
1e-08,1.0,-9.567733238771995,-9.567733238771995
1e-08,1.0,-85.23414999150988,-85.23414999150988
1e-08,1.0,-42.23984788303874,-42.23984788303874
9.900166763218647e-06,1.0,-69.06519327314723,-69.06505565650227
1e-08,1.0,-47.8597212998315,-47.8597212998315
1.1550989833150065e-05,1.0,-38.88105294869103,-38.88105295431921
1e-08,1.0,-59.77874808337374,-59.77874808337374
1e-08,1.0,-37.484074638213556,-37.484074638213556
1e-08,1.0,-36.881863235911574,-36.881863235911574
1e-08,1.0,-54.30699841437277,-54.30699841437277
1e-08,1.0,-38.1856294745047,-38.1856294745047
1e-08,1.0,-55.04548740089799,-55.04548740089799
1e-08,0.999928462679469,-17.517530143232534,-19.552197852811755
1.48580342371435e-05,1.0,-71.59856719385922,-71.59856725042364
2.2393905946175622e-05,1.0,-32.13919825317122,-32.1391982419392
1.1269387847700911e-05,1.0,-37.30985824463208,-37.3098582442508
1.1213444519103222e-05,1.0,-32.96582762922069,-32.96582772819541
1e-08,1.0,-68.18767471675861,-68.18767471675861
1.2448616163694777e-05,1.0,-61.43829012093709,-61.438290057768675
1e-08,1.0,-34.119549970037866,-34.119549970037866
1e-08,1.0,-66.45572185966056,-66.45572185966056
4.425652632034973e-05,1.0,-68.77991622262468,-68.77991622300082
1e-08,1.0,-45.65800032062799,-45.65800032062799
1e-08,1.0,-40.79837330850945,-40.79837330850945
3.1129328758648525e-05,0.9999501704681991,-101.59079454346747,-103.10815485166295
1e-08,1.0,-62.24321908510382,-62.24321908510382
1e-08,1.0,-8.67910308318922,-8.67910308318922
1e-08,1.0,-52.14484337806773,-52.14484337806773
1e-08,1.0,-47.44744423866908,-47.44744423866908
1e-08,1.0,-34.89590757652988,-34.89590757652988
1.1211133496400193e-05,1.0,-25.70732299705274,-25.70732309607379
1e-08,1.0,-18.242112690577898,-18.242112690577898
1e-08,1.0,-36.128579887987456,-36.128579887987456
1e-08,1.0,-36.46681051136507,-36.46681051136507
1e-08,1.0,-69.71414726055836,-69.71414726055836
1.1304049545931006e-05,1.0,-32.21016408447399,-32.21016418186076
1e-08,1.0,-30.70011425013173,-30.70011425013173
1e-08,1.0,-60.44738647909287,-60.44738647909287
1e-08,1.0,-38.137736820028124,-38.137736820028124
1.6649057976437697e-06,1.0,-27.518953284702345,-27.519003665268997
1e-08,1.0,-64.62812570850319,-64.62812570850319
1e-08,1.0,-36.64145268474285,-36.64145268474285
1e-08,1.0,-47.18005227080078,-47.18005227080078
1e-08,1.0,-38.09143270390865,-38.09143270390865
1e-08,1.0,-42.525728020288575,-42.525728020288575
1e-08,1.0,-51.091703350148165,-51.091703350148165
1.4822705057263966e-05,1.0,-58.27532814407343,-58.27532819152332
1e-08,1.0,-18.87108645936485,-18.87108645936485
1e-08,0.9999545061611671,-27.548051154756227,-29.236346294141693
2.496449662396912e-06,1.0,-55.04579983320096,-55.0463126435089
1.2676870766675206e-05,1.0,-89.87581424524127,-89.87581421008072
1e-08,1.0,-43.71455953199916,-43.71455953199916
1e-08,1.0,-20.3547124124797,-20.3547124124797
1e-08,1.0,-18.063399595795754,-18.063399595795754
1e-08,1.0,-18.203457661738536,-18.203457661738536
2.2291093285514625e-05,1.0,-90.15985608454164,-90.1598560609746
1.1507515085782734e-05,1.0,-57.753020163802695,-57.75302016938492
1.1850975385473965e-05,1.0,-44.51118953723189,-44.511189542910486
1e-08,1.0,-35.025537772054236,-35.025537772054236
1.1591015862561019e-05,1.0,-43.99903881217561,-43.99903881781698
1e-08,1.0,-53.40560980446119,-53.40560980446119
1e-08,1.0,-26.108914259598215,-26.108914259598215
2.249799524280176e-05,1.0,-51.88679834630116,-51.88679833627408
1e-08,1.0,-36.41883169536203,-36.41883169536203
1e-08,1.0,-13.046920072728797,-13.046920072728797
1e-08,1.0,-56.56490857317237,-56.56490857317237
1.292027985624611e-05,1.0,-82.6271305257023,-82.62713051627807
1e-08,1.0,-69.61396030546764,-69.61396030546764
1e-08,1.0,-43.22416393489135,-43.22416393489135
1e-08,1.0,-16.40594108161588,-16.40594108161588
2.3787849545933575e-05,1.0,-87.38015516893756,-87.38015519733959
1e-08,1.0,-41.73000355804544,-41.73000355804544
1e-08,1.0,-21.8282337629611,-21.8282337629611
1e-08,1.0,-39.49494513970111,-39.49494513970111
1e-08,1.0,-19.769921831560332,-19.769921831560332
1.1200875305266195e-05,1.0,-19.950632922220553,-19.950633021426675
1e-08,1.0,-37.43700451092937,-37.43700451092937
1e-08,1.0,-58.677816750600485,-58.677816750600485
1e-08,1.0,-27.884296199953983,-27.884296199953983
1.1293110163856653e-05,1.0,-53.51463261046807,-53.51463270805683
1e-08,1.0,-64.22150708436516,-64.22150708436516
1e-08,0.9999610174926458,-89.18944188817713,-90.98540728753898
1.1494938682469097e-05,1.0,-40.27042524993797,-40.270425255526376
1e-08,1.0,-48.584111279565874,-48.584111279565874
1e-08,1.0,-32.9075747023784,-32.9075747023784
1e-08,1.0,-32.39042513984472,-32.39042513984472
1e-08,1.0,-25.13346862624123,-25.13346862624123
1e-08,1.0,-19.76283776152139,-19.76283776152139
1e-08,1.0,-21.9835560942902,-21.9835560942902
1e-08,0.9998662849376455,-81.81775654659982,-98.78326202435085
1e-08,1.0,-12.635974037097965,-12.635974037097965
2.3171961723925353e-05,1.0,-57.82521005313499,-57.825210077318026
1e-08,1.0,-25.121805084770106,-25.121805084770106
1e-08,1.0,-19.75663063326787,-19.75663063326787
1e-08,1.0,-39.11342863368374,-39.11342863368374
1e-08,1.0,-43.67949813951478,-43.67949813951478
1.1460972276295963e-05,1.0,-50.9448633151389,-50.94486340975486
1e-08,1.0,-30.886702930960507,-30.886702930960507
1e-08,1.0,-39.473950305934665,-39.473950305934665
1e-08,1.0,-27.845766081686154,-27.845766081686154
2.24511892235629e-05,1.0,-44.03162832975071,-44.031628319253315
2.245621073501184e-05,1.0,-43.88888527645251,-43.888885266012785
1e-08,1.0,-38.5238047376382,-38.5238047376382
1e-08,1.0,-12.35712623517444,-12.35712623517444
1e-08,1.0,-25.62342590863788,-25.62342590863788
2.2572970174696232e-05,1.0,-59.290245983893854,-59.29024597455261
1e-08,1.0,-59.008766535228446,-59.008766535228446
1e-08,1.0,-30.67033955383673,-30.67033955383673
1e-08,1.0,-86.88359165250829,-86.88359165250829
1e-08,1.0,-46.94259048372852,-46.94259048372852
1e-08,1.0,-36.60063546031199,-36.60063546031199
1e-08,1.0,-21.898516080614314,-21.898516080614314
1e-08,1.0,-64.22167694893012,-64.22167694893012
1e-08,1.0,-117.25664863993346,-117.25664863993346
1e-08,1.0,-48.49148611749342,-48.49148611749342
1e-08,1.0,-32.97854924633895,-32.97854924633895
1e-08,1.0,-20.568499007883137,-20.568499007883137
1e-08,1.0,-21.203576485425685,-21.203576485425685
1e-08,1.0,-17.165153217029108,-17.165153217029108
1e-08,1.0,-14.81908430177617,-14.81908430177617
1e-08,1.0,-46.665226320565864,-46.665226320565864
1e-08,1.0,-16.925563628571265,-16.925563628571265
1e-08,1.0,-41.811519345104024,-41.811519345104024
1e-08,1.0,-16.996840316677037,-16.996840316677037
1e-08,1.0,-34.718228372136345,-34.718228372136345
1e-08,1.0,-44.37297317702209,-44.37297317702209
1e-08,1.0,-49.45052113099959,-49.45052113099959
1e-08,1.0,-16.11839161534357,-16.11839161534357
1e-08,0.9999510519444942,-41.349256332557395,-57.35756568572066
1e-08,1.0,-30.941223845477495,-30.941223845477495
1e-08,1.0,-58.823599966905185,-58.823599966905185
1.1545147791977482e-05,1.0,-64.6458015688279,-64.64580156840131
1e-08,1.0,-65.72733738730871,-65.72733738730871
2.239227645483263e-05,1.0,-28.558487198099602,-28.55848718687575
1e-08,1.0,-58.40523570104599,-58.40523570104599
1.1403794710653817e-05,1.0,-43.34299534445818,-43.34299544007649
1e-08,1.0,-56.856900584562545,-56.856900584562545
1e-08,1.0,-66.657640300057,-66.657640300057
1e-08,1.0,-19.243386280339514,-19.243386280339514
1e-08,1.0,-54.32300941238283,-54.32300941238283
1e-08,1.0,-16.7049611464986,-16.7049611464986
1e-08,1.0,-35.983298381141886,-35.983298381141886
1e-08,1.0,-39.24674717700043,-39.24674717700043
1e-08,1.0,-23.114311320885967,-23.114311320885967
1e-08,1.0,-59.052847691795776,-59.052847691795776
1e-08,1.0,-19.151887519110502,-19.151887519110502
1e-08,1.0,-64.17657895136722,-64.17657895136722
1e-08,1.0,-38.68851528595005,-38.68851528595005
1.1278534757381903e-05,1.0,-30.725000378843827,-30.725000378465165
2.1715808990410097e-05,1.0,-64.3145596601822,-64.31455963350504
1.1868083622889646e-05,1.0,-46.14378910811714,-46.14378911376993
1e-08,1.0,-48.06352648559097,-48.06352648559097
1e-08,1.0,-50.04902337678495,-50.04902337678495
1.3206536012304107e-05,1.0,-47.49245660512577,-47.49245659131756
1.1716217929324461e-05,1.0,-48.03069863799204,-48.03069864365062
2.6098442095427995e-05,1.0,-77.303486965952,-77.30348694109625
1e-08,1.0,-67.57916731897113,-67.57916731897113
1.1300197830411851e-05,1.0,-51.40610847461685,-51.406108572058145
0.00010196877047318297,1.0,-121.70646402559821,-121.7064640352689
1.1438086149253614e-05,1.0,-48.09035373784473,-48.09035383286779
1.1577113255394813e-05,1.0,-85.19144046254152,-85.19144046819774
1e-08,1.0,-53.10101867557223,-53.10101867557223
1e-08,1.0,-59.495229116824454,-59.495229116824454
1e-08,1.0,-27.606679702898774,-27.606679702898774
1e-08,1.0,-28.992740944200833,-28.992740944200833
1.13123275043142e-05,1.0,-38.304723823379064,-38.30472392064205
3.026284152394126e-07,1.0,-47.37646569526881,-47.37647025825391
1e-08,1.0,-20.568499007883137,-20.568499007883137
1e-08,1.0,-33.2720696297649,-33.2720696297649
1e-08,1.0,-42.40612652937529,-42.40612652937529
1e-08,1.0,-35.80586452886722,-35.80586452886722
1e-08,1.0,-30.618581023879464,-30.618581023879464
1e-08,1.0,-71.44463658746974,-71.44463658746974
1e-08,1.0,-54.12295830538798,-54.12295830538798
1e-08,1.0,-19.14568814819215,-19.14568814819215
1e-08,1.0,-38.16475318123136,-38.16475318123136
1e-08,1.0,-40.10200912901788,-40.10200912901788
1e-08,1.0,-78.25396978550478,-78.25396978550478
1e-08,1.0,-22.59224308847675,-22.59224308847675
1.4724033960278786e-05,1.0,-46.65577077235824,-46.655770828766485
1.4667986061052694e-05,1.0,-83.61410198581406,-83.61410204539152
1e-08,1.0,-3.824871807434976,-3.824871807434976
6.758692240151648e-07,1.0,-57.31172129562374,-57.312087569812356
1e-08,1.0,-37.6304769070058,-37.6304769070058
1e-08,1.0,-31.795525853428696,-31.795525853428696
1e-08,1.0,-20.568499007883137,-20.568499007883137
1.1199616571263966e-05,1.0,-18.940954936692997,-18.940955035920567
2.244064069330998e-05,1.0,-38.99857964692884,-38.99857963618455
1e-08,1.0,-21.672816410477335,-21.672816410477335
1e-08,1.0,-20.566739237588955,-20.566739237588955
1e-08,1.0,-36.48244674633687,-36.48244674633687
1e-08,1.0,-26.552045175691482,-26.552045175691482
1.1198153531573887e-05,1.0,-18.139610247939498,-18.139610347180742
1e-08,1.0,-52.16739063057518,-52.16739063057518
1e-08,1.0,-46.260977324584886,-46.260977324584886
1e-08,1.0,-21.96462740905591,-21.96462740905591
7.847597211962291e-05,1.0,-147.22944657583741,-147.22944657580732
1e-08,1.0,-51.56254922137681,-51.56254922137681
1.1640215036531567e-05,1.0,-23.21306878394186,-23.213068783755748
1e-08,1.0,-72.5940108686317,-72.5940108686317
1e-08,1.0,-33.51470948655033,-33.51470948655033
1e-08,0.9999482389413944,-36.04387284226879,-36.75918549698466
1.1193137047487915e-05,1.0,-17.545024038113112,-17.545024037684474
1.1549194103328377e-05,1.0,-28.111964403480037,-28.111964409116187
1e-08,1.0,-12.791873241353981,-12.791873241353981
1e-08,1.0,-12.841256062585726,-12.841256062585726
1e-08,1.0,-21.230321958806393,-21.230321958806393
1e-08,1.0,-16.695828649671682,-16.695828649671682
2.5869785017245902e-05,0.5727405801740852,-120.68099761166201,-95.99230569648796
1e-08,1.0,-41.19528927268776,-41.19528927268776
1e-08,1.0,-33.13786233990099,-33.13786233990099
1e-08,1.0,-42.738296153804754,-42.738296153804754
1e-08,1.0,-14.708511153474898,-14.708511153474898
1e-08,1.0,-52.33436537862817,-52.33436537862817
1e-08,0.9999929382777025,-33.072125354438185,-33.07554064976546
1e-08,1.0,-32.022609630992314,-32.022609630992314
1.3111213629837231e-05,1.0,-39.58254540202348,-39.582545357326524
1e-08,1.0,-29.608013775848228,-29.608013775848228
1e-08,1.0,-52.67408589938352,-52.67408589938352
2.3120329841455607e-05,1.0,-55.922890837050076,-55.92289083198005
2.093548026927977e-06,1.0,-60.62293071651561,-60.623062438872445
1e-08,1.0,-28.20117747021587,-28.20117747021587
3.6215384673174314e-05,1.0,-94.19294791122735,-94.1929479116374
1.1908628477099827e-05,1.0,-56.96969104757036,-56.96969104515126
1e-08,1.0,-65.44105001504127,-65.44105001504127
1e-08,1.0,-46.13260587042996,-46.13260587042996
1e-08,1.0,-33.16543017913229,-33.16543017913229
1e-08,1.0,-61.78321682392032,-61.78321682392032
1e-08,1.0,-48.333285090827204,-48.333285090827204
2.2506939759759758e-05,1.0,-34.67836143538097,-34.67836142536107
1.8081864782934615e-05,1.0,-43.3451371296248,-43.345137150947615
5.8798025093344044e-05,1.0,-102.40048043668173,-102.40048043655784
1.2298451297751507e-05,1.0,-71.70781832988543,-71.70781825251977
1e-08,1.0,-12.262503353905185,-12.262503353905185
1e-08,1.0,-30.52533622930594,-30.52533622930594
1e-08,1.0,-14.993114494541212,-14.993114494541212
1e-08,1.0,-37.36506531209894,-37.36506531209894
1e-08,1.0,-9.500981731388821,-9.500981731388821
1e-08,1.0,-34.59174018116582,-34.59174018116582
1.194598070558237e-05,1.0,-56.51991943845744,-56.51991936596502
1.1670590071411488e-05,1.0,-37.035916948468476,-37.0359169541584
1e-08,1.0,-29.136363194612297,-29.136363194612297
1e-08,0.9999579631041817,-15.818336774717809,-16.454664237923176
1e-08,1.0,-19.820683847322215,-19.820683847322215
3.348469179987535e-05,1.0,-70.25199000019208,-70.25198999949475
1e-08,1.0,-21.586503765947505,-21.586503765947505
1e-08,1.0,-28.650987804965485,-28.650987804965485
1e-08,1.0,-33.05629370633145,-33.05629370633145
1e-08,1.0,-65.50992992087252,-65.50992992087252
1e-08,1.0,-60.5704546142688,-60.5704546142688
1.1768604709376463e-05,1.0,-50.228528775039265,-50.2285287806906
2.696116797588557e-05,1.0,-57.15319999669361,-57.15319998141353
1e-08,1.0,-49.31082422780652,-49.31082422780652
1e-08,1.0,-38.775622873045585,-38.775622873045585
1e-08,1.0,-45.16045492931754,-45.16045492931754
1e-08,1.0,-69.34965764445978,-69.34965764445978
1e-08,1.0,-14.873133542187496,-14.873133542187496
1e-08,1.0,-39.31966491048878,-39.31966491048878
1e-08,1.0,-49.67027893668449,-49.67027893668449
1e-08,1.0,-67.92408281082612,-67.92408281082612
1e-08,1.0,-46.406242407025765,-46.406242407025765
1e-08,1.0,-41.56752225690855,-41.56752225690855
1e-08,1.0,-75.47171892741727,-75.47171892741727
1e-08,1.0,-72.0477625467431,-72.0477625467431
1e-08,1.0,-25.17510535983119,-25.17510535983119
1e-08,1.0,-59.059836712544126,-59.059836712544126
1e-08,1.0,-54.35220670835174,-54.35220670835174
1e-08,1.0,-47.330142403702524,-47.330142403702524
2.2405586072739157e-05,1.0,-36.59993034174975,-36.599930330718706
1.8745278544535464e-06,1.0,-59.65714580962203,-59.65611737409875
6.26393333869619e-06,1.0,-42.80766233253291,-42.84371397565116
1e-08,1.0,-27.640136392957654,-27.640136392957654
1e-08,1.0,-37.653500195346055,-37.653500195346055
2.8680496319596715e-05,1.0,-71.31249834042075,-71.31249830959108
1e-08,1.0,-49.05995801011972,-49.05995801011972
1.159202963940598e-05,1.0,-34.32118148411817,-34.321181489737334
3.459139039046432e-05,1.0,-69.2095654599773,-69.20956546149525
3.382735957339373e-05,1.0,-54.70942563716577,-54.7094256369635
1e-08,1.0,-14.227967086977992,-14.227967086977992
1e-08,1.0,-32.207322308239284,-32.207322308239284
1e-08,1.0,-41.11458056367519,-41.11458056367519
1.2576371713132804e-05,1.0,-43.671209664633096,-43.671209637651984
1e-08,1.0,-21.521709677118615,-21.521709677118615
1e-08,1.0,-12.257143182298371,-12.257143182298371
1.2188373584680953e-05,1.0,-44.01115217974795,-44.01115210203264
1e-08,1.0,-31.734087351509746,-31.734087351509746
1e-08,1.0,-25.889634042608062,-25.889634042608062
2.292520823012452e-05,1.0,-60.20091274795093,-60.2009127399452
4.467884300449501e-05,0.9997679940716925,-122.34781366245694,-134.69030207861655
2.2776958339484308e-05,1.0,-49.87496894574148,-49.87496893815414
1.403674454263764e-05,1.0,-49.62746371179396,-49.62746371650496
1.6037095317268031e-06,1.0,-56.06031142888822,-56.06032633570899
1e-08,1.0,-40.11004312377362,-40.11004312377362
3.5123056385128394e-05,1.0,-62.31229509674439,-62.3122950965001
1.1721979044152114e-05,1.0,-50.269524319838645,-50.269524325511085
1e-08,1.0,-5.117264376876269,-5.117264376876269
1e-08,1.0,-55.932214272813596,-55.932214272813596
1.486054570825395e-05,1.0,-54.44286289809468,-54.44286294346663
1e-08,1.0,-57.804807670880656,-57.804807670880656
3.562958053506852e-05,1.0,-35.50835602115668,-35.50835602203783
1e-08,1.0,-33.4252483897555,-33.4252483897555
1e-08,1.0,-48.10241416291438,-48.10241416291438
1e-08,1.0,-82.15794586581883,-82.15794586581883
1e-08,1.0,-37.68864467757104,-37.68864467757104
1e-08,1.0,-26.646454918514014,-26.646454918514014
1.9277491501686883e-05,1.0,-65.15556528294232,-65.15556527272626
2.3377425518122928e-05,1.0,-56.80932598718654,-56.80932598677489
1e-08,1.0,-24.375940300435655,-24.375940300435655
1e-08,1.0,-92.84185191953111,-92.84185191953111
1e-08,1.0,-16.12946197023683,-16.12946197023683
1e-08,1.0,-41.55619883992224,-41.55619883992224
1.1302102912947908e-05,1.0,-18.0382609139586,-18.03826101138038
1e-08,1.0,-39.274427860450565,-39.274427860450565
3.423022437472254e-05,1.0,-47.67630493125678,-47.67630493118219
1e-08,1.0,-44.91529416746116,-44.91529416746116
1e-08,1.0,-20.973232743136666,-20.973232743136666
1e-08,1.0,-21.199448114666158,-21.199448114666158
1.3672117024124764e-05,1.0,-62.95599599351618,-62.95599598827859
1e-08,1.0,-45.43939599818628,-45.43939599818628
1.1200051784569874e-05,1.0,-22.21155405388915,-22.21155415310579
1e-08,1.0,-39.53929871154892,-39.53929871154892
1e-08,1.0,-53.602633139884595,-53.602633139884595
1e-08,1.0,-29.88843930128078,-29.88843930128078
1e-08,1.0,-18.32509007914138,-18.32509007914138
1e-08,1.0,-57.973546970690016,-57.973546970690016
1e-08,1.0,-16.86844779661951,-16.86844779661951
1e-08,1.0,-42.72658966120492,-42.72658966120492
1.3133081510839078e-05,0.9998378543420048,-55.96332073926049,-68.6975585654403
1e-08,1.0,-36.650068727080665,-36.650068727080665
1e-08,1.0,-35.92683729340847,-35.92683729340847
2.2448757907290244e-05,1.0,-45.186437942129544,-45.186437931569394
1e-08,1.0,-28.096912545293787,-28.096912545293787
1e-08,1.0,-55.53237513433117,-55.53237513433117
1.131558669580795e-05,1.0,-18.56979560681127,-18.569795704003088
1e-08,1.0,-14.844872559760843,-14.844872559760843
1e-08,1.0,-94.02449724035827,-94.02449724035827
1.371542856872691e-05,1.0,-50.70441466819025,-50.70441467029906
1e-08,1.0,-26.919580110772372,-26.919580110772372
2.375681203454764e-05,1.0,-76.57608272969193,-76.5760827631162
1e-08,1.0,-40.84195651599164,-40.84195651599164
1e-08,1.0,-20.72081818267929,-20.72081818267929
1.676899306769251e-05,0.9999640978391665,-37.2778092667299,-37.43072856856962
1e-08,1.0,-8.65918059293365,-8.65918059293365
1e-08,1.0,-28.766888438223887,-28.766888438223887
1e-08,1.0,-36.05518073540801,-36.05518073540801
1e-08,0.9999712419523996,-17.971256959523814,-18.114148579325214
1e-08,1.0,-44.68312740738775,-44.68312740738775
1e-08,1.0,-27.84164400965253,-27.84164400965253
1.4344974098888682e-05,1.0,-43.04040490155654,-43.04040496991266
1.1288114154738877e-05,1.0,-22.160615772949512,-22.16061587061352
1e-08,1.0,-53.367005503284425,-53.367005503284425
1e-08,1.0,-63.13653161879417,-63.13653161879417
1e-08,1.0,-31.924399730131732,-31.924399730131732
1e-08,1.0,-44.21632427624125,-44.21632427624125
1.1474493926387013e-05,1.0,-47.86579267124189,-47.86579267709252
1.1816736763363278e-05,1.0,-43.50444769840701,-43.50444770408784
1e-08,1.0,-19.969091315903725,-19.969091315903725
1.1212465369650051e-05,1.0,-27.275199921910698,-27.275199921504335
1e-08,1.0,-28.247756782165332,-28.247756782165332
1e-08,0.9999927571284591,-52.45054716090522,-52.45711092431122
1e-08,1.0,-20.520619534069965,-20.520619534069965
1e-08,1.0,-35.57136671093118,-35.57136671093118
1.1515680632291183e-05,1.0,-39.44018173835703,-39.44018174395039
1e-08,0.9999611486974336,-32.71441237298333,-34.4403417707555
1e-08,1.0,-31.925720768073255,-31.925720768073255
1e-08,1.0,-47.34277620226921,-47.34277620226921
1e-08,1.0,-25.031747506681644,-25.031747506681644
1e-08,1.0,-36.11430665274052,-36.11430665274052
5.254700536096439e-05,1.0,-129.51763393590988,-129.51763393593203
1e-08,1.0,-38.032148564068734,-38.032148564068734
1.1203092071768786e-05,1.0,-27.223390882197933,-27.223390981355994
1e-08,1.0,-85.51913617262004,-85.51913617262004
1e-08,0.999933820216837,-40.16209886876235,-48.48815072031644
1e-08,1.0,-70.81279138521153,-70.81279138521153
1e-08,0.9999781590670692,-78.72709097260594,-79.01730180443995
1e-08,1.0,-18.33904460275352,-18.33904460275352
1e-08,1.0,-27.796945381452563,-27.796945381452563
1.1282953914945698e-05,1.0,-39.767261762281926,-39.76726186002475
1e-08,1.0,-10.909374993767969,-10.909374993767969
1e-08,1.0,-16.015441820488736,-16.015441820488736
1e-08,1.0,-35.61856379670349,-35.61856379670349
1e-08,1.0,-68.77751091814304,-68.77751091814304
1.1295048370563942e-05,1.0,-32.282047116854095,-32.28204721442155
1e-08,1.0,-51.76439559811017,-51.76439559811017
1e-08,1.0,-46.88351474997347,-46.88351474997347
1e-08,1.0,-20.568499007883137,-20.568499007883137
1.1205116224349342e-05,1.0,-27.755633592023823,-27.75563369113906
1e-08,1.0,-19.273433432592864,-19.273433432592864
1.1521309083970376e-05,1.0,-29.45278327421425,-29.45278327401148
2.3398876314954156e-05,1.0,-63.16533059366276,-63.165330622528
1e-08,1.0,-54.50226644879175,-54.50226644879175
1.1415450432181171e-05,1.0,-40.05247326543286,-40.05247336086081
7.30507104045479e-05,1.0,-156.88821136540412,-156.88821136469457
1e-08,1.0,-33.85830516951634,-33.85830516951634
1e-08,1.0,-14.491844469155247,-14.491844469155247
1e-08,1.0,-46.03930302146889,-46.03930302146889
1.8044721910595364e-05,1.0,-41.79182807143127,-41.79182810349322
1e-08,1.0,-35.394526311198696,-35.394526311198696
1e-08,1.0,-30.247931030204725,-30.247931030204725
1e-08,1.0,-53.52481528045736,-53.52481528045736
1e-08,1.0,-10.6796697490618,-10.6796697490618
1.1203879677691166e-05,1.0,-23.367100646687057,-23.367100745843956
1.921262720401166e-05,1.0,-80.61354553578397,-80.61354553978104
1e-08,1.0,-36.120980703211224,-36.120980703211224
1e-08,1.0,-73.42143070925273,-73.42143070925273
1e-08,1.0,-47.481786596270055,-47.481786596270055
1e-08,1.0,-37.40375951292631,-37.40375951292631
1e-08,1.0,-35.44329101982524,-35.44329101982524
1e-08,1.0,-31.549699208618186,-31.549699208618186
1e-08,1.0,-21.07418085201287,-21.07418085201287
1e-08,1.0,-40.81517825909531,-40.81517825909531
1e-08,1.0,-44.13717052335863,-44.13717052335863
1e-08,1.0,-22.57310420785979,-22.57310420785979
1e-08,1.0,-46.454593788327905,-46.454593788327905
1e-08,1.0,-20.086929674042796,-20.086929674042796
1e-08,1.0,-27.15168753193147,-27.15168753193147
1e-08,1.0,-35.4817707552144,-35.4817707552144
1e-08,1.0,-51.56098071309167,-51.56098071309167
1e-08,0.9999916887694912,-19.066873139771275,-19.0743404179838
1e-08,1.0,-31.460999450618925,-31.460999450618925
1e-08,1.0,-20.05119979455174,-20.05119979455174
1e-08,1.0,-38.136867312937305,-38.136867312937305
1e-08,1.0,-20.413786879846132,-20.413786879846132
1e-08,1.0,-29.530267681023968,-29.530267681023968
1e-08,1.0,-26.12460186424073,-26.12460186424073
1e-08,0.999988650456857,-85.23341201300856,-85.29380086041706
1.604191394292639e-05,1.0,-87.9419798932648,-87.94197990764032
1e-08,1.0,-35.10977138614575,-35.10977138614575
2.6887046474816886e-05,1.0,-63.59646937184522,-63.596469378040496
1e-08,1.0,-36.18022428921154,-36.18022428921154
1e-08,1.0,-59.76626834873056,-59.76626834873056
1e-08,1.0,-38.811139906136695,-38.811139906136695
1e-08,1.0,-34.74121172552326,-34.74121172552326
1e-08,1.0,-12.179750421702236,-12.179750421702236
1.224754458199473e-05,1.0,-84.78460348529804,-84.78460340745984
1e-08,1.0,-26.809474033758764,-26.809474033758764
1e-08,1.0,-68.35181611966796,-68.35181611966796
1e-08,1.0,-27.37748569553865,-27.37748569553865
1e-08,1.0,-41.16699083043258,-41.16699083043258
1.2328366685532491e-05,1.0,-49.09768152356119,-49.097681450753115
1e-08,0.9999988679410042,-53.78384238221862,-53.78409054820699
1e-08,1.0,-40.653904776145176,-40.653904776145176
1.4744987364989017e-05,1.0,-79.28547602183161,-79.2854760797409
1e-08,1.0,-43.67561012881965,-43.67561012881965
1.1445737290210734e-05,1.0,-35.84785442049781,-35.84785442023364
1.1327543878120233e-05,1.0,-28.048511877779255,-28.048511974776957
1e-08,1.0,-45.46802737389401,-45.46802737389401
1e-08,1.0,-22.770239395068373,-22.770239395068373
1e-08,1.0,-29.901094877918275,-29.901094877918275
1e-08,1.0,-42.196393910966485,-42.196393910966485
2.0826811965572263e-05,1.0,-61.93635484366486,-61.93635480299708
1e-08,1.0,-26.613703775320218,-26.613703775320218
1e-08,1.0,-21.67230201292205,-21.67230201292205
1e-08,1.0,-42.50964557532165,-42.50964557532165
1e-08,1.0,-47.50417224225685,-47.50417224225685
1e-08,1.0,-51.19977993012804,-51.19977993012804
9.986152564918053e-06,1.0,-51.945393972169406,-51.9449340038073
7.560299639646548e-06,1.0,-51.54167013884498,-51.537688225965866
9.070563923167467e-06,0.999995322635501,-53.04536125326483,-53.050338598910585
1e-08,0.9999912425336867,-67.54553876394381,-67.56673396351832
1e-08,1.0,-40.86979616863812,-40.86979616863812
1e-08,1.0,-48.97829639781629,-48.97829639781629
1e-08,0.9995847077578488,-43.98506715812671,-46.38739043890102
1e-08,1.0,-42.44566520519881,-42.44566520519881
2.3992772219784188e-05,1.0,-38.8667454901011,-38.86674549959563
1e-08,1.0,-25.596687603601207,-25.596687603601207
1e-08,0.9999780528691545,-70.80128829928576,-71.09227973305052
1e-08,1.0,-40.05269194508325,-40.05269194508325
1e-08,1.0,-61.911880803079995,-61.911880803079995
1e-08,1.0,-46.68240814226666,-46.68240814226666
1e-08,1.0,-30.897718020696082,-30.897718020696082
1e-08,1.0,-47.288432265378106,-47.288432265378106
1e-08,1.0,-42.341757933410335,-42.341757933410335
1e-08,1.0,-36.86019094982328,-36.86019094982328
1e-08,1.0,-29.2403748291003,-29.2403748291003
1e-08,1.0,-26.202220502622186,-26.202220502622186
1.2156941929086351e-05,1.0,-49.17479723224042,-49.174797153292666
1e-08,1.0,-33.0948940290638,-33.0948940290638
1e-08,1.0,-41.05013132747741,-41.05013132747741
1e-08,1.0,-25.762557446234947,-25.762557446234947
1.1235896743574982e-05,1.0,-30.389747896194294,-30.3897479947849
1.1866160985007952e-05,1.0,-56.4531668036818,-56.4531668093163
1e-08,1.0,-76.16393900117707,-76.16393900117707
1e-08,1.0,-44.518664322437935,-44.518664322437935
1e-08,1.0,-62.19685624753677,-62.19685624753677
1e-08,1.0,-36.25911351681777,-36.25911351681777
1e-08,1.0,-42.79000764853464,-42.79000764853464
1e-08,1.0,-27.1502333838143,-27.1502333838143
1e-08,0.9999558714292457,-53.238872888473196,-55.352400750046655
1e-08,1.0,-61.6732827013954,-61.6732827013954
1e-08,1.0,-25.132276227083686,-25.132276227083686
1e-08,1.0,-37.12200780558847,-37.12200780558847
1.1226104518118832e-05,1.0,-31.936706262085007,-31.936706261801003
1e-08,1.0,-42.196393910966485,-42.196393910966485
1e-08,1.0,-38.76031967281122,-38.76031967281122
1e-08,1.0,-42.48427603842906,-42.48427603842906
1e-08,1.0,-20.58638597534408,-20.58638597534408
2.3788719872884894e-05,1.0,-58.30576345234877,-58.30576345382419
1e-08,1.0,-47.07522333281117,-47.07522333281117
1e-08,1.0,-30.98459988653369,-30.98459988653369
1e-08,1.0,-29.86363321577108,-29.86363321577108
2.381884513413183e-05,1.0,-41.69119485388245,-41.691194855444934
1.2869225764937122e-05,1.0,-48.45741238950421,-48.457412389454554
1e-08,1.0,-31.438635963989103,-31.438635963989103
1e-08,1.0,-69.66245159525572,-69.66245159525572
1e-08,1.0,-54.05263798905889,-54.05263798905889
2.4905438511352074e-05,1.0,-80.43687672110782,-80.43687672239251
1e-08,1.0,-20.338409630413576,-20.338409630413576
1e-08,1.0,-39.50136060863024,-39.50136060863024
1e-08,1.0,-54.9841285664805,-54.9841285664805
1e-08,1.0,-50.04292591516926,-50.04292591516926
1e-08,1.0,-20.385458092517872,-20.385458092517872
1e-08,1.0,-41.263869503214195,-41.263869503214195
1e-08,1.0,-60.64866438237632,-60.64866438237632
1e-08,1.0,-41.383516941073296,-41.383516941073296
1.7862277241800196e-06,1.0,-88.0046496641217,-88.00468765863795
1e-08,1.0,-42.96449229463646,-42.96449229463646
1.1537254622110177e-05,1.0,-51.077238222717206,-51.0772382283263
1.1202715630841563e-05,1.0,-27.223424490184286,-27.22342458936401
1e-08,1.0,-31.712911158089263,-31.712911158089263
1e-08,1.0,-30.854431401729364,-30.854431401729364
1e-08,1.0,-28.73655778962156,-28.73655778962156
1e-08,1.0,-36.18451339322489,-36.18451339322489
1e-08,1.0,-40.75420250661781,-40.75420250661781
1e-08,1.0,-34.76678615343799,-34.76678615343799
1.1514950977028453e-05,1.0,-39.363505892915306,-39.36350589850556
1e-08,1.0,-46.50890202592742,-46.50890202592742
1e-08,1.0,-45.17209686193547,-45.17209686193547
2.2384705442965637e-05,0.9999630295009133,-55.75675710068009,-56.05469389087635
1e-08,1.0,-13.977876991489916,-13.977876991489916
1e-08,1.0,-40.050128845834344,-40.050128845834344
1.1385786957704023e-05,1.0,-32.27195009808278,-32.27195019400885
1e-08,1.0,-52.5688997799701,-52.5688997799701
1e-08,1.0,-35.75981294401451,-35.75981294401451
1e-08,1.0,-18.410057791668986,-18.410057791668986
1e-08,1.0,-18.52259138975092,-18.52259138975092
