01 March 2023	2.37
02 March 2023	2.38
03 March 2023	2.40
04 March 2023	2.42
05 March 2023	2.44
06 March 2023	2.48
07 March 2023	2.51
08 March 2023	2.56
09 March 2023	2.61
10 March 2023	2.66
11 March 2023	2.72
12 March 2023	2.79
13 March 2023	2.87
28 February 2023	2.37
27 February 2023	2.37
26 February 2023	2.37
25 February 2023	2.38
24 February 2023	2.38
23 February 2023	2.39
22 February 2023	2.39
21 February 2023	2.39
20 February 2023	2.39
19 February 2023	2.38
18 February 2023	2.38
17 February 2023	2.36
16 February 2023	2.35
15 February 2023	2.33
14 February 2023	2.30
13 February 2023	2.28
12 February 2023	2.25
11 February 2023	2.22
10 February 2023	2.19
09 February 2023	2.15
08 February 2023	2.11
07 February 2023	2.07
06 February 2023	2.03
05 February 2023	1.99
04 February 2023	1.94
03 February 2023	1.90
02 February 2023	1.85
01 February 2023	1.80
31 January 2023	1.75
30 January 2023	1.71
29 January 2023	1.66
28 January 2023	1.62
27 January 2023	1.58
26 January 2023	1.55
25 January 2023	1.52
24 January 2023	1.50
23 January 2023	1.48
22 January 2023	1.47
21 January 2023	1.47
20 January 2023	1.48
19 January 2023	1.49
18 January 2023	1.50
17 January 2023	1.36
16 January 2023	1.44
15 January 2023	1.52
14 January 2023	1.62
13 January 2023	1.72
12 January 2023	1.83
11 January 2023	1.95
10 January 2023	2.08
09 January 2023	2.22
08 January 2023	2.38
07 January 2023	2.54
06 January 2023	2.72
05 January 2023	2.91
04 January 2023	3.10
03 January 2023	3.30
02 January 2023	3.50
01 January 2023	3.70
31 December 2022	3.88
30 December 2022	4.05
29 December 2022	4.20
28 December 2022	4.31
27 December 2022	4.40
26 December 2022	4.45
25 December 2022	4.46
24 December 2022	4.44
23 December 2022	4.38
22 December 2022	4.30
21 December 2022	4.19
20 December 2022	4.06
19 December 2022	3.92
18 December 2022	3.77
17 December 2022	3.61
16 December 2022	3.46
15 December 2022	3.31
14 December 2022	3.16
13 December 2022	3.02
12 December 2022	2.89
11 December 2022	2.76
10 December 2022	2.65
09 December 2022	2.54
08 December 2022	2.43
07 December 2022	2.34
06 December 2022	2.20
05 December 2022	2.16
04 December 2022	2.13
03 December 2022	2.10
02 December 2022	2.08
01 December 2022	2.06
30 November 2022	2.04
29 November 2022	2.02
28 November 2022	2.00
27 November 2022	1.98
26 November 2022	1.95
25 November 2022	1.93
24 November 2022	1.90
23 November 2022	1.86
22 November 2022	1.83
21 November 2022	1.79
20 November 2022	1.75
19 November 2022	1.71
18 November 2022	1.67
17 November 2022	1.63
16 November 2022	1.60
10 October 2022	3.20126174332190
11 October 2022	3.19186589791879
12 October 2022	3.17724632269183
13 October 2022	3.15907578914676
14 October 2022	3.13871429016580
15 October 2022	3.11709671624435
16 October 2022	3.09468987807971
17 October 2022	3.07149986852472
18 October 2022	3.04710868282876
19 October 2022	3.02072552169490
20 October 2022	2.99124934600131
21 October 2022	2.95734989362275
22 October 2022	2.91757954961552
23 October 2022	2.87052493506492
24 October 2022	2.81499470480320
25 October 2022	2.75022249205052
26 October 2022	2.67604807731579
27 October 2022	2.59303344358478
28 October 2022	2.50247852380484
29 October 2022	2.40632348274556
30 October 2022	2.30695318248696
31 October 2022	2.20694432826669
01 November 2022	2.10880747891341
02 November 2022	2.01477137469151
03 November 2022	1.92663957112169
04 November 2022	1.84572710219980
05 November 2022	1.77286573960964
06 November 2022	1.70845510264203
07 November 2022	1.65253424530794
08 November 2022	1.60485253391755
09 November 2022	1.56492679994239
10 November 2022	1.53208135435900
11 November 2022	1.50547661816834
12 November 2022	1.48413951953050
13 November 2022	1.46701326499241
14 November 2022	1.45304447849984
15 November 2022	1.44132131958701
28 September 2022	2.66845315295313
29 September 2022	2.75754789894460
30 September 2022	2.84030498282932
01 October 2022	2.91523351250370
02 October 2022	2.98125219263461
03 October 2022	3.03771297880168
04 October 2022	3.08437049242764
05 October 2022	3.12131941938526
06 October 2022	3.14892490814656
07 October 2022	3.16776429828986
08 October 2022	3.17858613738403
09 October 2022	3.18228000973327
21 September 2022	2.02352501975613
22 September 2022	2.10181411321637
23 September 2022	2.18523799605738
24 September 2022	2.27314187067902
25 September 2022	2.36461531517756
26 September 2022	2.45847856293600
27 September 2022	2.55327359528852
13 September 2022	1.50592206051703
14 September 2022	1.55647374371083
15 September 2022	1.61102414898530
16 September 2022	1.66981876490289
17 September 2022	1.73312859350448
18 September 2022	1.80120509957361
19 September 2022	1.87421089347087
20 September 2022	1.95213999753126
06 September 2022	1.30901008820199
07 September 2022	1.31912646602090
08 September 2022	1.33413480541096
09 September 2022	1.35439976793083
10 September 2022	1.38030182760596
11 September 2022	1.41220262372644
12 September 2022	1.45039791865971
30 August 2022	1.32159743316478
31 August 2022	1.31212446035544
01 September 2022	1.30566062922732
02 September 2022	1.30233817604145
03 September 2022	1.30235259915198
04 September 2022	1.30592184533249
05 September 2022	1.31323837038216
23 August 2022	1.46621490063020
24 August 2022	1.44578592640011
25 August 2022	1.42501197688303
26 August 2022	1.40397336076588
27 August 2022	1.38300772156503
28 August 2022	1.36263617255829
29 August 2022	1.34347180053060
14 August 2022	1.95371022902395
15 August 2022	1.87674095125810
16 August 2022	1.80631372131919
17 August 2022	1.74220766011318
18 August 2022	1.68419325469528
19 August 2022	1.63198454046472
20 August 2022	1.58520186576717
21 August 2022	1.54335948837412
22 August 2022	1.50588470289816
07 August 2022	2.49132599890102
08 August 2022	2.43380434839568
09 August 2022	2.36884430697565
10 August 2022	2.29732745094690
11 August 2022	2.22073485738113
12 August 2022	2.14093569600952
13 August 2022	2.05995196076397
04 August 2022	2.63089859929836
05 August 2022	2.57554846402484
06 August 2022	2.51731453642633
26 July 2022	3.35629746942527
27 July 2022	3.23549047409280
28 July 2022	3.12697427110070
29 July 2022	3.02986617938951
30 July 2022	2.94314792181451
31 July 2022	2.86562181262632
01 August 2022	2.79587972141339
02 August 2022	2.73230885307078
03 August 2022	2.67314769933538
18 July 2022	4.76156954508667
19 July 2022	4.59224786898174
20 July 2022	4.41549157901484
21 July 2022	4.23386751011540
22 July 2022	4.05087281935527
23 July 2022	3.87044927724580
24 July 2022	3.69649786516431
25 July 2022	3.53247783495360
13 July 2022	5.59714661193055
14 July 2022	5.46367607588824
15 July 2022	5.31163419912085
16 July 2022	5.14300628095419
17 July 2022	4.96143514261047
06 July 2022	5.81816380659423
07 July 2022	5.91783024491355
08 July 2022	5.98207510294705
09 July 2022	6.00728497436645
10 July 2022	5.99200828649479
11 July 2022	5.93697197850139
12 July 2022	5.84485871042751
26 June 2022	4.07508411580129
27 June 2022	4.23846012089272
28 June 2022	4.41507654610837
29 June 2022	4.60338434303116
30 June 2022	4.80069584525526
01 July 2022	5.00308872908805
02 July 2022	5.20539037733681
03 July 2022	5.40129045968616
04 July 2022	5.58362207497938
05 July 2022	5.74482582024636
15 June 2022	2.65337198646017
16 June 2022	2.76529611555808
17 June 2022	2.87850548254569
18 June 2022	2.99302460269311
19 June 2022	3.10942372801569
20 June 2022	3.22878683627865
21 June 2022	3.35259293434230
22 June 2022	3.48253413287426
23 June 2022	3.62030150634590
24 June 2022	3.76736769493464
25 June 2022	3.92478640778355
09 June 2022	2.10766574147962
10 June 2022	2.18177380481186
11 June 2022	2.26166251137480
12 June 2022	2.34743749318012
13 June 2022	2.43921343226932
14 June 2022	2.53708259352084
02 June 2022	1.66297729527265
03 June 2022	1.71659932045077
04 June 2022	1.77433613899333
05 June 2022	1.83602731853802
06 June 2022	1.90151195423236
07 June 2022	1.97063487706127
08 June 2022	2.04323786140611
26 May 2022	1.46444367512912
27 May 2022	1.46752683678467
28 May 2022	1.47756981074468
29 May 2022	1.49487786699301
30 May 2022	1.51968931351101
31 May 2022	1.55213222575328
01 June 2022	1.59216781038046
19 May 2022	1.51578324788479
20 May 2022	1.49466001435322
21 May 2022	1.47835680966385
22 May 2022	1.46683809938876
23 May 2022	1.46011052586172
24 May 2022	1.45820047941873
25 May 2022	1.46112217614100
14 May 2022	1.69847658785019
15 May 2022	1.66347212405294
16 May 2022	1.62818399413127
17 May 2022	1.59316127493732
18 May 2022	1.55928477558375
08 May 2022	1.96835122578645
09 May 2022	1.91973641418298
10 May 2022	1.87183071767263
11 May 2022	1.82478327894681
12 May 2022	1.77888361506741
13 May 2022	1.73449774675429
01 May 2022	2.32036248032694
02 May 2022	2.23042943878482
03 May 2022	2.15291267716984
04 May 2022	2.08651219536065
05 May 2022	2.02977087335111
06 May 2022	1.98110805096499
07 May 2022	1.93885764329202
22 April 2022	3.71319639129635
23 April 2022	3.53284646576762
24 April 2022	3.35403561725074
25 April 2022	3.17884227781300
26 April 2022	3.00970466657330
27 April 2022	2.84907142414301
28 April 2022	2.69910095506181
29 April 2022	2.56145352468414
30 April 2022	2.43718955956967
10 April 2022	6.05240220262182
11 April 2022	5.91331958995614
12 April 2022	5.76130857570586
13 April 2022	5.59605737381747
14 April 2022	5.41804368997819
15 April 2022	5.22842039309882
16 April 2022	5.02886520230686
17 April 2022	4.82143511075788
18 April 2022	4.60845142800515
19 April 2022	4.39241950211600
20 April 2022	4.17596785620720
21 April 2022	3.96178255294942
02 April 2022	6.85342796446742
03 April 2022	6.78181889643884
04 April 2022	6.70887216073665
05 April 2022	6.63281789644172
06 April 2022	6.55184693182624
07 April 2022	6.46411237927313
08 April 2022	6.36773887373307
09 April 2022	6.26086932726035
27 March 2022	7.19984393119797
28 March 2022	7.22951261377152
29 March 2022	7.23444496603553
30 March 2022	7.21469097987932
31 March 2022	7.17178904518531
01 April 2022	7.10847985531517
20 March 2022	6.62302735297381
21 March 2022	6.79211873775767
22 March 2022	6.94019513770640
23 March 2022	7.06442097545399
24 March 2022	7.16316436296312
25 March 2022	7.23600395523751
26 March 2022	7.28359761619425
13 March 2022	5.21206217911315
14 March 2022	5.43822262056216
15 March 2022	5.66601026329283
16 March 2022	5.89262586789176
17 March 2022	6.11496185075794
18 March 2022	6.32966133063797
19 March 2022	6.53319401722041
06 March 2022	3.88430743995840
07 March 2022	4.05308900553804
08 March 2022	4.23273810202289
09 March 2022	4.42303220656359
10 March 2022	4.62349123994360
11 March 2022	4.83331144043945
12 March 2022	5.05127589578667
27 February 2022	3.16678215216911
28 February 2022	3.21509150095114
01 March 2022	3.27979044928560
02 March 2022	3.36220192248597
03 March 2022	3.46333691877670
04 March 2022	3.58382441525691
05 March 2022	3.72382598147668
20 February 2022	3.22297585162126
21 February 2022	3.18659476799773
22 February 2022	3.16129502053047
23 February 2022	3.14787987795093
24 February 2022	3.14710491370052
25 February 2022	3.15966528643470
26 February 2022	3.18617842552987
13 February 2022	3.77721164912423
14 February 2022	3.69439983851075
15 February 2022	3.61353288707675
16 February 2022	3.53561106059067
17 February 2022	3.46196230349587
18 February 2022	3.39411018060137
19 February 2022	3.33363309066216
06 February 2022	4.49806097653514
07 February 2022	4.39909451370920
08 February 2022	4.30470803745420
09 February 2022	4.21443992561227
10 February 2022	4.12781968441924
11 February 2022	4.04436055659434
12 February 2022	3.96356782671178
30 January 2022	5.02280018321617
31 January 2022	5.03000339787791
01 February 2022	5.01953926777442
02 February 2022	4.99066904711041
03 February 2022	4.94371571223060
04 February 2022	4.87996100454765
05 February 2022	4.80144753257981
23 January 2022	4.82965059404709
24 January 2022	4.85042713667739
25 January 2022	4.87882016820592
26 January 2022	4.91300287453913
27 January 2022	4.95064800929985
28 January 2022	4.98896226205957
29 January 2022	5.02475302156213
16 January 2022	4.91898737246075
17 January 2022	4.83888344650392
18 January 2022	4.78126909983714
19 January 2022	4.74611769884594
20 January 2022	4.73299467226148
21 January 2022	4.74092173443343
22 January 2022	4.76821039738195
09 January 2022	5.92857514022786
10 January 2022	5.79084813586601
11 January 2022	5.64721541470242
12 January 2022	5.50059055252388
13 January 2022	5.35489108021450
14 January 2022	5.21460934668787
15 January 2022	5.08435291397430
02 January 2022	6.52044839722882
03 January 2022	6.54626085256041
04 January 2022	6.53636517952621
05 January 2022	6.49020923290946
06 January 2022	6.40965895806125
07 January 2022	6.29871199017746
08 January 2022	6.16299286569441
26 December 2021	5.25657450412433
27 December 2021	5.54212723730175
28 December 2021	5.81416334068417
29 December 2021	6.06324248088752
30 December 2021	6.28039005074806
31 December 2021	6.45783572611181
01 January 2022	6.58961603376181
19 December 2021	3.41474184984818
20 December 2021	3.67021514469389
21 December 2021	3.93899526746055
22 December 2021	4.21916958924967
23 December 2021	4.50832932840667
24 December 2021	4.80339216565192
25 December 2021	5.10032173533895
12 December 2021	2.07821264015038
13 December 2021	2.20766811550687
14 December 2021	2.35464640939160
15 December 2021	2.52011296420667
16 December 2021	2.70482550305144
17 December 2021	2.90926061479261
18 December 2021	3.13350475451727
05 December 2021	1.67127057112859
06 December 2021	1.69271832644419
07 December 2021	1.72267336547817
08 December 2021	1.76301127118568
09 December 2021	1.81589980066525
10 December 2021	1.88369640504145
11 December 2021	1.96878641473051
26 November 2021	1.71019847390991
27 November 2021	1.70996078752349
28 November 2021	1.70816115389735
29 November 2021	1.70499166094072
30 November 2021	1.70105164477003
01 December 2021	1.69727015575062
02 December 2021	1.69480704932749
03 December 2021	1.69496619000878
04 December 2021	1.69914442641560
20 November 2021	1.67468622141977
21 November 2021	1.68879152431440
22 November 2021	1.70231075540317
23 November 2021	1.71468553681203
24 November 2021	1.72545836190957
25 November 2021	1.73427792302642
05 November 2021	1.67392724135526
06 November 2021	1.65680895498830
07 November 2021	1.64096000638932
08 November 2021	1.62663112838786
09 November 2021	1.61420244522347
10 November 2021	1.60412043288134
11 November 2021	1.59682322167222
12 November 2021	1.59267002464139
13 November 2021	1.59188673604605
14 November 2021	1.59453369372897
15 November 2021	1.60049539374402
16 November 2021	1.60948722880878
17 November 2021	1.62107201249613
18 November 2021	1.63467944065132
19 November 2021	1.64962450003923
31 October 2021	1.84123126148025
01 November 2021	1.79498922464195
02 November 2021	1.75315490385918
03 November 2021	1.71572015314809
04 November 2021	1.68273250034362
21 October 2021	2.06889935437713
22 October 2021	2.08079384971271
23 October 2021	2.08339560944511
24 October 2021	2.07612485466785
25 October 2021	2.05916371859015
26 October 2021	2.03336833018894
27 October 2021	2.00009271231751
28 October 2021	1.96097838768625
29 October 2021	1.91776135251936
30 October 2021	1.87212997414533
17 October 2021	1.93574167539909
18 October 2021	1.98421415606032
19 October 2021	2.02547403181485
20 October 2021	2.05793508862345
10 October 2021	1.64362202249291
11 October 2021	1.67968274810812
12 October 2021	1.71867616348080
13 October 2021	1.76032609122327
14 October 2021	1.80417873996751
15 October 2021	1.84953110058505
16 October 2021	1.89535935949143
03 October 2021	1.46624434656819
04 October 2021	1.49266784067365
05 October 2021	1.51984753554107
06 October 2021	1.54778100012694
07 October 2021	1.57659710543088
08 October 2021	1.60651774569118
09 October 2021	1.63779722670632
26 September 2021	1.30547073760146
27 September 2021	1.34125292182573
28 September 2021	1.37392792105686
29 September 2021	1.40326483562004
30 September 2021	1.42937844916888
01 October 2021	1.45269320565013
02 October 2021	1.47386874854700
19 September 2021	1.09780578529694
20 September 2021	1.12259757479225
21 September 2021	1.14989242291648
22 September 2021	1.17929038276775
23 September 2021	1.21033452765391
24 September 2021	1.24252525196726
25 September 2021	1.27532793090276
11 September 2021	1.10843813024775
12 September 2021	1.09895698950146
13 September 2021	1.09232141410955
14 September 2021	1.08859742695120
15 September 2021	1.08793045643644
16 September 2021	1.09050962653163
17 September 2021	1.09651695787642
18 September 2021	1.10607417971938
05 September 2021	1.22128283678499
06 September 2021	1.21244914035945
07 September 2021	1.20036060412199
08 September 2021	1.18539627678107
09 September 2021	1.16832498753293
10 September 2021	1.15019850059062
29 August 2021	1.26756785749335
30 August 2021	1.25783587362505
31 August 2021	1.24859074030325
01 September 2021	1.23952391945428
02 September 2021	1.23044015444466
03 September 2021	1.22123599292999
04 September 2021	1.21186114850165
22 August 2021	1.31337976199493
23 August 2021	1.30699332087801
24 August 2021	1.30185433987278
25 August 2021	1.29754856702416
26 August 2021	1.29371933339087
27 August 2021	1.29005139013469
28 August 2021	1.28624081321230
15 August 2021	1.30225905337876
16 August 2021	1.31362625897301
17 August 2021	1.32199412276221
18 August 2021	1.32727341056448
19 August 2021	1.32973809589866
20 August 2021	1.32992055079270
21 August 2021	1.32846208549860
08 August 2021	1.24969280837465
09 August 2021	1.25493592638266
10 August 2021	1.26180484509496
11 August 2021	1.27004439110737
12 August 2021	1.27942299911641
13 August 2021	1.28970228348319
14 August 2021	1.30059540428704
01 August 2021	1.24405907490612
02 August 2021	1.24531899891137
03 August 2021	1.24639483790923
04 August 2021	1.24741103734804
05 August 2021	1.24862934896238
06 August 2021	1.25038203408451
07 August 2021	1.25299348467824
24 July 2021	1.37476996644155
25 July 2021	1.36044815108594
26 July 2021	1.34557533758026
27 July 2021	1.33033666520447
28 July 2021	1.31511399845813
29 July 2021	1.30042068461496
30 July 2021	1.28682195655746
31 July 2021	1.27485928181406
17 July 2021	1.36598727862641
18 July 2021	1.39237916339684
19 July 2021	1.41246219070762
20 July 2021	1.42563165087691
21 July 2021	1.43177734534455
22 July 2021	1.43125191042703
23 July 2021	1.42478099442112
10 July 2021	1.10977824915268
11 July 2021	1.16132202107400
12 July 2021	1.21185810918897
13 July 2021	1.26023925357175
14 July 2021	1.30533803470458
15 July 2021	1.34610030404462
16 July 2021	1.38158936276774
04 July 2021	0.80738405198839
05 July 2021	0.85053370324606
06 July 2021	0.89750486455844
07 July 2021	0.94813293800760
08 July 2021	1.00207513650831
09 July 2021	1.05875998851654
26 June 2021	0.51430675380604
27 June 2021	0.54414772587686
28 June 2021	0.57595067219565
29 June 2021	0.60983922894079
30 June 2021	0.64598171212430
01 July 2021	0.68457205709777
02 July 2021	0.72579500306029
03 July 2021	0.76978170474428
20 June 2021	0.33223243748941
21 June 2021	0.35520430666556
22 June 2021	0.38020890416397
23 June 2021	0.40730037963223
24 June 2021	0.43652275630901
25 June 2021	0.46790441907187
13 June 2021	0.23657080943961
14 June 2021	0.24594118933375
15 June 2021	0.25702009087692
16 June 2021	0.26997641075253
17 June 2021	0.28497668701027
18 June 2021	0.30217486087777
19 June 2021	0.32169691398161
06 June 2021	0.19429197276098
07 June 2021	0.19673396359194
08 June 2021	0.20018748515067
09 June 2021	0.20471651711874
10 June 2021	0.21039713077220
11 June 2021	0.21731342562743
12 June 2021	0.22555112963912
30 May 2021	0.18605386065794
31 May 2021	0.18526363849873
01 June 2021	0.18504240468526
02 June 2021	0.18539881835690
03 June 2021	0.18636141583702
04 June 2021	0.18797293278427
05 June 2021	0.19028288455812
23 May 2021	0.13443355893398
24 May 2021	0.13910808099331
25 May 2021	0.14431549610194
26 May 2021	0.14996059256937
27 May 2021	0.15592238229894
28 May 2021	0.16205357153615
29 May 2021	0.16818280789563
16 May 2021	0.10314478569545
17 May 2021	0.10447590736431
18 May 2021	0.10652416007100
19 May 2021	0.10932042095598
20 May 2021	0.11289525035537
21 May 2021	0.11726825480212
22 May 2021	0.12243310219974
09 May 2021	0.08450242869905
10 May 2021	0.08584375193102
11 May 2021	0.08749854425555
12 May 2021	0.08947018883355
13 May 2021	0.09176709692570
14 May 2021	0.09439907260152
15 May 2021	0.09737246319158
02 May 2021	0.08035436153625
03 May 2021	0.08032280468021
04 May 2021	0.08042208888372
05 May 2021	0.08066899709803
06 May 2021	0.08109203357089
07 May 2021	0.08172591077154
08 May 2021	0.08260521672014
25 April 2021	0.08426450637991
26 April 2021	0.08393186230762
27 April 2021	0.08364201041766
28 April 2021	0.08338277106057
29 April 2021	0.08315361676956
30 April 2021	0.08296236693283
01 May 2021	0.08282096266881
18 April 2021	0.11341717624156
19 April 2021	0.10738786289233
20 April 2021	0.10228495371786
21 April 2021	0.09798422411384
22 April 2021	0.09438267851544
23 April 2021	0.09139215227578
24 April 2021	0.08893321646907
11 April 2021	0.16494050112350
12 April 2021	0.15792537282006
13 April 2021	0.15090476242377
14 April 2021	0.14391236978151
15 April 2021	0.13702950300086
16 April 2021	0.13036234923444
17 April 2021	0.12401895868410
04 April 2021	0.24503423085221
05 April 2021	0.23283748813426
06 April 2021	0.22069160943266
07 April 2021	0.20864407572048
08 April 2021	0.19680052282640
09 April 2021	0.18529444887488
10 April 2021	0.17425844683855
28 March 2021	0.29258034163121
29 March 2021	0.28816242397396
30 March 2021	0.28276894214106
31 March 2021	0.27632530048793
01 April 2021	0.26884363404962
02 April 2021	0.26040465129770
03 April 2021	0.25113441287467
22 March 2021	0.30496077213715
23 March 2021	0.30254573981287
24 March 2021	0.30007670158764
25 March 2021	0.29744892681318
26 March 2021	0.29457735181631
27 March 2021	0.29138451785067
14 March 2021	0.31139203012880
15 March 2021	0.31368152126941
16 March 2021	0.31514835713124
17 March 2021	0.31568428566698
18 March 2021	0.31527784763550
19 March 2021	0.31400061037641
20 March 2021	0.31198027589639
21 March 2021	0.30936902851470
06 March 2021	0.34959780990649
07 March 2021	0.34535304016221
08 March 2021	0.34073957985683
09 March 2021	0.33580650000176
10 March 2021	0.33067726275862
11 March 2021	0.32552235007866
12 March 2021	0.32052683790318
13 March 2021	0.31586050638161
28 February 2021	0.40095552985478
01 March 2021	0.39193488559391
02 March 2021	0.38289800661303
03 March 2021	0.37385243137407
04 March 2021	0.36488082997674
05 March 2021	0.35611446324709
21 February 2021	0.52890301085342
22 February 2021	0.50329869609282
23 February 2021	0.47943208041789
24 February 2021	0.45732305200904
25 February 2021	0.43703215407737
26 February 2021	0.41862229252103
27 February 2021	0.40212533176585
14 February 2021	0.74371668418932
15 February 2021	0.71375375534048
16 February 2021	0.68277387363709
17 February 2021	0.65106819633940
18 February 2021	0.61912786393035
19 February 2021	0.58754489228678
20 February 2021	0.55691321506133
07 February 2021	1.00537686538892
08 February 2021	0.95526260255520
09 February 2021	0.90833228663390
10 February 2021	0.86442824708190
11 February 2021	0.82342478512133
12 February 2021	0.78517029714108
13 February 2021	0.74944569592895
31 January 2021	1.36587754433049
01 February 2021	1.32167229687945
02 February 2021	1.27335792780154
03 February 2021	1.22171130986523
04 February 2021	1.16786384354961
05 February 2021	1.11309980445751
06 February 2021	1.05865825824712
24 January 2021	1.64175468038533
25 January 2021	1.60253732956128
26 January 2021	1.56235998831890
27 January 2021	1.52090477774611
28 January 2021	1.47805493577926
29 January 2021	1.43385112383772
30 January 2021	1.38843884444457
17 January 2021	1.89603570856040
18 January 2021	1.87458117683121
19 January 2021	1.84877961237712
20 January 2021	1.81875436507072
21 January 2021	1.78494403447425
22 January 2021	1.74797487431705
23 January 2021	1.70851838674879
09 January 2021	1.96931905644931
10 January 2021	1.95658333780332
11 January 2021	1.94403497477901
12 January 2021	1.93136902916190
13 January 2021	1.91833496322682
14 January 2021	1.90470538958587
15 January 2021	1.89023857317394
16 January 2021	1.87465105379286
02 January 2021	2.06766347525177
03 January 2021	2.04946130534611
04 January 2021	2.03380286670390
05 January 2021	2.02032412589033
06 January 2021	2.00869695605147
07 January 2021	1.99859655028792
08 January 2021	1.98965524740556
27 December 2020	2.04438223027722
28 December 2020	2.09940872894384
29 December 2020	2.14170446497633
30 December 2020	2.16960694987153
31 December 2020	2.18270624278590
01 January 2021	2.18185958338659
20 December 2020	1.47479095592541
21 December 2020	1.57006752428896
22 December 2020	1.66519791922637
23 December 2020	1.75792069743742
24 December 2020	1.84591217253178
25 December 2020	1.92696379998081
26 December 2020	1.99914576741617
13 December 2020	1.07453367617732
14 December 2020	1.09543722605942
15 December 2020	1.12793119929445
16 December 2020	1.17245603237202
17 December 2020	1.22919519980232
18 December 2020	1.29795520053641
19 December 2020	1.37801099502550
06 December 2020	0.97970276223201
07 December 2020	0.98526203917747
08 December 2020	0.99101884336894
09 December 2020	0.99758375720466
10 December 2020	1.00588288352787
11 December 2020	1.01707701567564
12 December 2020	1.03244767299353
29 November 2020	0.94635475776488
30 November 2020	0.94730187656472
01 December 2020	0.94876529739690
02 December 2020	0.95062098731748
03 December 2020	0.95288927635405
04 December 2020	0.95572905626802
05 December 2020	0.95941197206582
07 November 2020	1.23986706099614
08 November 2020	1.24437590526984
09 November 2020	1.24798904650062
10 November 2020	1.25016368307323
11 November 2020	1.25042569906321
12 November 2020	1.24836707999590
13 November 2020	1.24363410265019
14 November 2020	1.23592038588266
15 November 2020	1.22497663477114
16 November 2020	1.21064168660146
17 November 2020	1.19288979028840
18 November 2020	1.17188054472906
19 November 2020	1.14799406459708
20 November 2020	1.12183660859433
21 November 2020	1.09421031987168
22 November 2020	1.06605157597932
23 November 2020	1.03835136321970
24 November 2020	1.01207480104050
25 November 2020	0.98809472689750
26 November 2020	0.96714790281390
27 November 2020	0.94981491067968
28 November 2020	0.93651879117994
01 November 2020	1.16174061489726
02 November 2020	1.17411980183905
03 November 2020	1.18749538462921
04 November 2020	1.20152278766141
05 November 2020	1.21581678778832
06 November 2020	1.22990702177618
25 October 2020	1.09972085172174
26 October 2020	1.10776217495030
27 October 2020	1.11587388699341
28 October 2020	1.12413069330462
29 October 2020	1.13271232785342
30 October 2020	1.14185961240810
31 October 2020	1.15181301715691
18 October 2020	0.93930865792568
19 October 2020	0.97252165610929
20 October 2020	1.00333065723878
21 October 2020	1.03122521862989
22 October 2020	1.05596233029471
23 October 2020	1.07754575865188
24 October 2020	1.09616621819513
11 October 2020	0.72795432119268
12 October 2020	0.75591293875419
13 October 2020	0.78539462690660
14 October 2020	0.81615117751804
15 October 2020	0.84787322281229
16 October 2020	0.88018306312993
17 October 2020	0.91262751204020
04 October 2020	0.55330835266395
05 October 2020	0.57135409290974
06 October 2020	0.59150701188113
07 October 2020	0.61383787982522
08 October 2020	0.63837886276534
09 October 2020	0.66510255215052
10 October 2020	0.69389618946745
26 September 2020	0.35157510915409
27 September 2020	0.37383175159652
28 September 2020	0.39721503280274
29 September 2020	0.42154505059010
30 September 2020	0.44666187675762
01 October 2020	0.47243526544510
02 October 2020	0.49876087469644
03 October 2020	0.52554589951133
20 September 2020	0.25093787116710
21 September 2020	0.26369627651256
22 September 2020	0.27821641673040
23 September 2020	0.29459324905233
24 September 2020	0.31289582245137
25 September 2020	0.33314960515781
12 September 2020	0.17339172718621
13 September 2020	0.17774561853064
14 September 2020	0.18323392337294
15 September 2020	0.18996799825640
16 September 2020	0.19806724152394
17 September 2020	0.20765200687054
18 September 2020	0.21883253437215
19 September 2020	0.23169533127097
05 September 2020	0.12232342437814
06 September 2020	0.12578852061707
07 September 2020	0.12985131784251
08 September 2020	0.13454778333351
09 September 2020	0.13992035014045
10 September 2020	0.14601476478158
11 September 2020	0.15287515620597
28 August 2020	0.07870425772220
29 August 2020	0.08060850493205
30 August 2020	0.08323556826125
31 August 2020	0.08662155881443
01 September 2020	0.09080499331985
02 September 2020	0.09581719227466
03 September 2020	0.10166881512213
04 September 2020	0.10833475941762
21 August 2020	0.08544786944024
22 August 2020	0.08477858141361
23 August 2020	0.08449852842688
24 August 2020	0.08460296123039
25 August 2020	0.08509122420357
26 August 2020	0.08596694894380
27 August 2020	0.08723800800966
14 August 2020	0.06511245991310
15 August 2020	0.06520362098824
16 August 2020	0.06542596806648
17 August 2020	0.06578815246767
18 August 2020	0.06630121288314
19 August 2020	0.06697859527265
20 August 2020	0.06783603120115
09 August 2020	0.07733207858114
10 August 2020	0.07520608050072
11 August 2020	0.07339268363415
12 August 2020	0.07186997394672
13 August 2020	0.07062035183909
31 July 2020	0.06389852914574
01 August 2020	0.06246810379790
02 August 2020	0.06122229036025
03 August 2020	0.06014901453909
04 August 2020	0.05923779170695
05 August 2020	0.05847878375331
06 August 2020	0.05786287938455
07 August 2020	0.05738225410575
08 August 2020	0.05703101368188
26 July 2020	0.05013951992707
27 July 2020	0.04957102209690
28 July 2020	0.04910680504786
29 July 2020	0.04873899777437
30 July 2020	0.04846005217622
15 July 2020	0.06318263003774
16 July 2020	0.06207258453922
17 July 2020	0.06108195003607
18 July 2020	0.06019483234739
19 July 2020	0.05939319479799
20 July 2020	0.05865782176711
21 July 2020	0.05796972518930
22 July 2020	0.05731174611899
23 July 2020	0.05667004666420
24 July 2020	0.05603519100146
25 July 2020	0.05540259789720
10 July 2020	0.05185471900000
11 July 2020	0.05204742100000
12 July 2020	0.05221831600000
13 July 2020	0.05235777100000
14 July 2020	0.05245683600000
03 July 2020	0.04686161345874
04 July 2020	0.04673279225557
05 July 2020	0.04666502466582
06 July 2020	0.04665460723959
07 July 2020	0.04669526847936
08 July 2020	0.04677808762816
09 July 2020	0.04689193197006
29 June 2020	0.04835298109298
30 June 2020	0.04824180001799
01 July 2020	0.04819390510752
02 July 2020	0.04820812748104
22 June 2020	0.04260070633048
23 June 2020	0.04246467182361
24 June 2020	0.04238322690804
25 June 2020	0.04235495571231
26 June 2020	0.04237743381086
27 June 2020	0.04244706633313
28 June 2020	0.04255929434890
